Name Football Player,International ,Date of birth,Place of Birth ,Country of Birth,Current Country ,Nationality Father,Nationality Mother,Nationality Grandfather,Nationality Grandmother,Foreign-born,FIFA World Cup
"Pedro Bonifacio Suárez Pérez ""Arico"" (Pedro Suárez)",Argentina,5-Jun-08,Santa Brígida,Spain,,Spain,Spain,,,1,1930
"Milovan ""El Grande Milovan"" Jakšić",Yugoslavia,21-Sep-09,Kolašin,Austria-Hungary,Montenegro,,,,,1,1930
Ernest Libérati,France,22-Mar-06,Oran,French Algeria,Algeria,,,,,1,1930
Alexandre Villaplane (Captain),France,12-Sep-05,Algiers,French Algeria,Algeria,,,,,1,1930
Roberto Gayón Márquez,Mexico,xx-xx-1905,San Jose,Costa Rica,,Mexico,Mexico,,,1,1930
"Andrew ""Andy"" Auld",United States,26-Jan-00,Stevenston,Scotland,,,,,,1,1930
"James ""Jim"" Brown",United States,31-Dec-08,Kilmarnock,Scotland,,Scotland,Scotland,,,1,1930
Jimmy Gallagher,United States,7-Jun-01,Kirkintilloch,Scotland,,,,,,1,1930
Alfred Eisenbeisser,Romania,7-Apr-08,Chernivtsi,Austria-Hungary,Ukraine,,,,,1,1930
Ladislau Raffinsky,Romania,23-Apr-05,Miskolc,Austria-Hungary,Hungary,,,,,1,1930
"Bartholomew ""Bertie"" or ""Bart"" McGhee (Bart McGhee)",United States,30 April 1899 ,Edinburgh,Scotland,,Scotland,Scotland,,,1,1930
George Moorhouse,United States,4-Apr-01,Liverpool,England,,England,England,,,1,1930
Alexander “Alec” Wood,United States,12-Jun-07,Lochgelly,Scotland,,Scotland,Scotland,,,1,1930
Lorenzo Fernández,Uruguay,20-May-00,Redondela,Spain,,,,,,1,1930
Constantino Urbieta Sosa,Argentina,12 augustus 1907,Asunción,Paraguay,,,,,,1,1934
Štefan Čambal,Czechoslovakia,17-Dec-08,Bratislava,Austria-Hungary,Czech Republic,,,,,1,1934
Ferdinand Daučík,Czechoslovakia,30-May-10,Ipolské Šiahy,Austria-Hungary,Slovakia,,,,,1,1934
Géza Kalocsay,Czechoslovakia,30-May-13,Berehovo,Austria-Hungary,Slovakia,,,,,1,1934
František Svoboda,Czechoslovakia,5-Jul-05,Vienna,Austria-Hungary,Ukraine,,,,,1,1934
Matthias Sindelar (born as Matěj Šindelář),Austria,10-Feb-03,Kozlov,Austria-Hungary,Austria,,,,,1,1934
Joseph Alcazar,France,15-Jun-11,Oran,French Algeria,Algeria,,,,,1,1934
Roger Courtois,France,30-May-12,Geneva,Switzerland,,,,,,1,1934
István Avar (Stefan Auer),Hungary,30-May-05,Arad,Austria-Hungary,Romania,Germany,Germany,,,1,1934
Jenő Vincze,Hungary,20-Nov-08,Versec (now Vršac),Austria-Hungary,Serbia,,,,,1,1934
Joseph Gonzales,France,19-Feb-07,Béni Saf,French Algeria,Algeria,,,,,1,1934
"Frédéric ""Fritz"" Keller (born Friedrich Keller) ",France,21 augustus 1913,Strasbourg,German Empire,France,Germany,France,,,1,1934
"Attilio José  Demaria (""Attilio Demaria"")",Italy,19-Mar-09,Buenos Aires,Argentina,,Argentina,Argentina,Italy,Italy,1,1934
"Enrique ""Enrico"" Guaita",Italy,11-Jul-10,Lucas González,Argentina,,Argentina,Argentina,Italy,Italy,1,1934
Amphilóquio Guarisi Marques (Filó  Anfilogino Guarisi),Italy,26-Dec-05,São Paulo,Brazil,,Brazil,Italy,,,1,1934
Luis Felipe Monti,Italy,15-May-01,Buenos Aires,Argentina,,Italy,Italy,,,1,1934
"Raimundo Bibiani ""Mumo"" Orsi (Raimundo Orsi)",Italy,2-Dec-01,Avellaneda,Argentina,,Italy,Italy,,,1,1934
"Elisa Hendrik ""Beb/Bep"" Bakhuys",Netherlands,16-Apr-09,Pekalongan,Dutch East Indies ,Indonesia,Netherlands,Netherlands,,,1,1934
Ramón Zabalo Zubiaurre,Spain,10-Jun-10,South Shields,England,,Spain,Spain,,,1,1934
Lazăr Sfera,Romania,29-Apr-09,Lokve,Austria-Hungary,Serbia,,,,,1,1934
Walter Dick,United States,20-Sep-05,Kirkintilloch,Scotland,,,,,,1,1934
Jimmy Gallagher,United States,7-Jun-01,Kirkintilloch,Scotland,,,,,,1,1934
Julius Hjulian (born as Julius Hjulin),United States,15-Mar-03,UNKNOWN,Sweden,,,,,,1,1934
William “Wee Willie” McLean ,United States,27-Jan-04,Clydebank,Scotland,,,,,,1,1934
George Moorhouse,United States,4-Apr-01,Liverpool,England,,England,England,,,1,1934
Werner “Scotty” Nilsen,United States,24-Feb-04,Skien,Norway,,,,,,1,1934
Herman Rapp,United States,UNKNOWN,Stuttgart,German Empire,Germany,,,,,1,1934
Joseph Nelis,Belgium,1-Apr-17,Tutbury,England,,Belgium,,,,1,1938
Charles Chaly Joseph vanden Wouwer ,Belgium,7-Sep-16,Teignmouth,England,,Belgium,,,,1,1938
Joaquín Arias Blanco (Joaquín Arias),Cuba,12-Nov-14,Asturias,Spain ,,,,,,1,1938
Pedro Manuel Bergés Naval (Pedro Berges),Cuba,xx-xx-1906,Vigo (or Barcelona),Spain ,,,,,,1,1938
Manuel Chorens García  (Manuel Chorens),Cuba,22-Jan-16,A Coruña,Spain ,,,,,,1,1938
Tomás Fernández Ruiz (Tomás Fernández),Cuba,xx-xx-1918,Santander (or San Sebastián ),Spain ,,,,,,1,1938
Karel Burkert,Czechoslovakia,1-Dec-09,Újpest,Austria-Hungary,Hungary,,,,,1,1938
Ferdinand Daučík,Czechoslovakia,30-May-10,Ipolské Šiahy,Austria-Hungary,Slovakia,,,,,1,1938
"Henri ""Jean"" Bastien",France,21-Jun-15,Oran,French Algeria,Algeria,,,,,1,1938
Abdelkader Ben Bouali,France,25-Oct-12,Sendjas,French Algeria,Algeria,,,,,1,1938
Michel Brusseaux,France,19-Mar-13,Oran,French Algeria,Algeria,,,,,1,1938
Hector Cazenave,France,13-Apr-14,Montevideo,Uruguay,,,,,,1,1938
Roger Courtois,France,30-May-12,Geneva,Switzerland,,,,,,1,1938
Julien Darui,France,16-Feb-16,Oberkorn,Luxembourg,,,,,,1,1938
Raoul Diagne,France,10-Nov-10,Saint-Laurent-du-Maroni,French Guyana,Guyana,Senegal,Guyana,,,1,1938
Oscar Heisserer,France,18-Jul-18,Schirrhein,Germany,France,,,,,1,1938
Lucien Jasseron,France,29-Dec-13,Saint-Leu,French Algeria,Algeria,,,,,1,1938
Auguste Jordan,France,21-Feb-09,Linz,Austria,,,,,,1,1938
Ignace Kowalczyk,France,27-Dec-13,Castrop,Germany,,Poland,Poland,,,1,1938
Martin Povolny (born Czeslaw Povolny),France,19-Jul-14,Recklinghausen,Germany,,,,,,1,1938
Mario Zatelli,France,21-Dec-12,Sétif,French Algeria,Algeria,Italy,,,,1,1938
Wilhelm Hahnemann,Germany,14-Apr-14,Vienna,German Empire,Austria,,,,,1,1938
"Johann ""Hans"" Mock ",Germany,9-Dec-06,Vienna,German Empire,Austria,,,,,1,1938
Leopold Neumer,Germany,8-Feb-19,UNKNOWN,German Empire,Austria,,,,,1,1938
"Johann ""Hans"" Erik Pesser",Germany,7-Nov-11,Vienna,German Empire,Austria,,,,,1,1938
Rudolf Raftl,Germany,7-Feb-11,Vienna,German Empire,Austria,,,,,1,1938
Willibald Schmaus,Germany,16-Jun-11,Vienna,German Empire,Austria,,,,,1,1938
Stefan Skoumal,Germany,29-Nov-09,UNKNOWN,German Empire,Austria,,,,,1,1938
"Josef ""Pepi"" Stroh",Germany,5-Mar-13,Vienna,German Empire,Austria,,,,,1,1938
Franz Wagner,Germany,23-Sep-11,Vienna,German Empire,Austria,,,,,1,1938
Jenő Vincze,Hungary,20-Nov-08,Versec (now Vršac),Austria-Hungary,Serbia,,,,,1,1938
Miguel Ángel Andriolo Frodella (Michele Andreolo),Italy,6-Sep-12,Carmelo,Uruguay,,Italy,Italy,,,1,1938
Ladislau Raffinsky,Romania,23-Apr-05,Miskolc,Austria-Hungary,Hungary,,,,,1,1938
Róbert Szádowsky (or in Romanian Robert Sadowski),Romania,16 augustus 1914,Chernivtsi,Austria-Hungary,Ukraine,,,,,1,1938
Lazăr Sfera,Romania,29-Apr-09,Lokve,Austria-Hungary,Serbia,,,,,1,1938
Alfred Bickel (aslo known as Fredy Bickel),Switzerland,2-May-18,Eppstein,German Empire,Germany,,,,,1,1938
Alessandro Frigerio Payán (Alessandro Frigerio),Switzerland,15-Nov-14,Tumaco,Colombia,,Switzerland,Colombia,,,1,1938
"Eugen ""Genia"" Walaschek",Switzerland,20-Jun-16,Moscow,Soviet Union ,Russia,Czechoslovakia,Germany,,Switzerland,1,1938
Vladimir Beara,Yugoslavia,2-Nov-28,Zelovo,Yugoslavia,Croatia,,,,,1,1950
Stjepan Bobek ,Yugoslavia,3-Dec-23,Zagreb,Yugoslavia,Croatia,,,,,1,1950
Željko Čajkovski,Yugoslavia,5-May-25,Zagreb,Yugoslavia,Croatia,,,,,1,1950
"Zlatko ""Čik"" Čajkovski",Yugoslavia,24-Jan-23,Zagreb,Yugoslavia,Croatia,,,,,1,1950
Predrag Đajić,Yugoslavia,1-May-22,Sarajevo,Yugoslavia,Bosnia and Herzegovina,,,,,1,1950
Vladimir Firm,Yugoslavia,5-Jun-23,Zagreb,Yugoslavia,Croatia,,,,,1,1950
"Ivan ""Ivica"" Horvat (Captain)",Yugoslavia,16-Jul-26,Sisak,Yugoslavia,Croatia,,,,,1,1950
Ervin Katnić,Yugoslavia,2-Sep-21,Pula,Yugoslavia,Croatia,,,,,1,1950
Srđan Mrkušić,Yugoslavia,26-Jun-15,Podgora,Yugoslavia,Croatia,,,,,1,1950
Ivo Radovniković,Yugoslavia,9-Feb-18,Split,Yugoslavia,Croatia,,,,,1,1950
"Branislav ""Branko"" Stanković",Yugoslavia,31-Oct-21,Sarajevo,Yugoslavia,Bosnia and Herzegovina,,,,,1,1950
"Bernard ""Bajdo"" Vukas",Yugoslavia,1-May-27,Zagreb,Yugoslavia,Croatia,,,,,1,1950
"Francisco Urroz Martínez (""Pancho"")",Chile,14-Dec-20,Higuerote,Venezuela,,,,,,1,1950
Alfred Bickel (aslo known as Fredy Bickel),Switzerland,2-May-18,Eppstein,German Empire,Germany,,,,,1,1950
"Jacques ""Jacky"" Fatton",Switzerland,19-Dec-25,Exincourt,France,,France,France,,,1,1950
Hans-Peter Friedländer,Switzerland,6-Nov-20,Berlin,German Empire,Germany,,,,,1,1950
Rudolf Gyger,Switzerland,16-Apr-20,Niedernjesa,German Empire,Germany,,,,,1,1950
"Geoffrey ""Jeff"" Coombes",United States,23-Apr-19,Lincoln,England,,England,England,,,1,1950
Joseph Edouard Gaetjens,United States,19-Mar-24,Port-au-Prince,Haiti,,Haiti,Haiti,Germany,,1,1950
Gino Gard (born Gino Gardassanich),United States,26-Nov-22,Fiume (now Reijka  Croatia),Italy,,Yugoslavia ,Yugoslavia,,,1,1950
Joe Maca,United States,28-Sep-20,Brussels,Belgium,,Belgium,Belgium,,,1,1950
"Edward John ""Ed"" McIlvenny",United States,21-Oct-24,Greenock,Scotland,,,,,,1,1950
Adam Wolanin,United States,13-Nov-19,Lwow,Poland,,,,,,1,1950
Ernesto José Vidal (born Ernesto Servolo Pedro Vidal),Uruguay,15-Nov-21,Buie d'Istria,Italy,,Italy,Italy,,,1,1950
Roberto Capparelli,Bolivia,18-Nov-21,UNKNOWN,Argentina,,,,,,1,1950
Walter Schleger,Austria,19-Sep-29,Prague,Czechoslovakia,Czech Republic,,,,,1,1954
Theodor Reimann,Czechoslovakia,10-Feb-21,Strečno,Czechoslovakia,Slovakia,,,,,1,1954
Michal Benedikovič,Czechoslovakia,31-May-23,UNKNOWN,Czechoslovakia,Slovakia,,,,,1,1954
Anton Malatinský,Czechoslovakia,15-Jan-20,Trnava,Czechoslovakia,Slovakia,,,,,1,1954
Emil Pažický,Czechoslovakia,14-Oct-27,Považský Chlmec,Czechoslovakia,Slovakia,,,,,1,1954
Anton Krásnohorský,Czechoslovakia,22-Oct-25,UNKNOWN,Czechoslovakia,Slovakia,,,,,1,1954
Ladislav Kačáni,Czechoslovakia,1-Apr-31,Lučenec,Czechoslovakia,Slovakia,,,,,1,1954
Kazimír Gajdoš,Czechoslovakia,28-Mar-34,UNKNOWN,Czechoslovakia,Slovakia,,,,,1,1954
Imrich Stacho,Czechoslovakia,4-Nov-31,Trnava,Czechoslovakia,Slovakia,,,,,1,1954
Xercès Louis,France,31-Oct-26,Sainte-Marie,Martinique,,,,,,1,1954
Abderrahmane Mahjoub,France,25-Apr-29,Casablanca,French Morocco,Morocco,Morocco,Morocco,,,1,1954
Abdelaziz Ben Tifour,France,25-Jul-27,Hussein Dey,French Algeria,Algeria,Algeria,Algeria,,,1,1954
Mihály Tóth,Hungary,24-Sep-26,Bezdan,Yugoslavia,Serbia,Hungary,Hungary,,,1,1954
Sándor Gellér,Hungary,12-Jul-25,Veseuș,Romania,,,,,,1,1954
Jorge Romo Fuentes,Mexico,20-Apr-34,Havana,Cuba,,Mexico,Mexico,,,1,1954
Carlos Blanco Castañón,Mexico,5-Mar-28,Madrid,Spain,,,,,,1,1954
Hong Deok-young,South Korea,5-May-21,Hamhŭng,Korea under Japanese rule,,,,,,1,1954
Park Kyu-chung,South Korea,12-Jun-24,UNKNOWN,Korea under Japanese rule,,,,,,1,1954
Choi Chung-min,South Korea,30 augustus 1930,Pyongyang,Korea under Japanese rule,,,,,,1,1954
Chu Yung-kwang,South Korea,xx-xx-1920,Pyongyang,Korea under Japanese rule,,,,,,1,1954
Chung Kook-chin,South Korea,2-Jan-17,UNKNOWN,Korea under Japanese rule,,,,,,1,1954
Norbert Eschmann,Switzerland,19-Mar-33,Besançon,France,,,,,,1,1954
"Jacques ""Jacky"" Fatton",Switzerland,19-Dec-25,Exincourt,France,,France,France,,,1,1954
Basri Dirimlili (his Turkish name Mehmetcik Basri),Turkey,7-Jun-29,Dârstor (now Silistra),Romania,,,,,,1,1954
Juan Hohberg ,Uruguay,19-Jun-26,Córdoba,Argentina,,,,Germany,,1,1954
Fritz Laband,West Germany,1-Nov-25,Hindenburg O.S (now: Zabrze),German Reich,Poland,,,,,1,1954
"Josef ""Jupp"" Posipal",West Germany,20-Jun-27,Lugoj,Romania,,Germany,Germany,,,1,1954
Richard Herrmann,West Germany,28-Jan-23,Katowice,Poland,,,,,,1,1954
Vladimir Beara,Yugoslavia,2-Nov-28,Zelovo,Yugoslavia,Croatia,,,,,1,1954
"Branislav ""Branko"" Stanković",Yugoslavia,31-Oct-21,Sarajevo,Yugoslavia,Bosnia and Herzegovina,,,,,1,1954
Tomislav Crnković,Yugoslavia,17-Jun-29,Kotor,Yugoslavia,Montenegro,,,,,1,1954
"Zlatko ""Čik"" Čajkovski",Yugoslavia,24-Jan-23,Zagreb,Yugoslavia,Croatia,,,,,1,1954
"Ivan ""Ivica"" Horvat",Yugoslavia,16-Jul-26,Sisak,Yugoslavia,Croatia,,,,,1,1954
"Bernard ""Bajdo"" Vukas",Yugoslavia,1-May-27,Zagreb,Yugoslavia,Croatia,,,,,1,1954
Stjepan Bobek (Captain),Yugoslavia,3-Dec-23,Zagreb,Yugoslavia,Croatia,,,,,1,1954
"Branislav ""Branko"" Zebec ",Yugoslavia,17-May-29,Zagreb,Yugoslavia,Croatia,,,,,1,1954
Branko Kralj,Yugoslavia,10-Mar-24,Zagreb,Yugoslavia,Croatia,,,,,1,1954
Miljan Zeković,Yugoslavia,15-Nov-25,Nikšić,Yugoslavia,Montenegro,,,,,1,1954
Lev Mantula,Yugoslavia,8-Dec-28,Sarajevo,Yugoslavia,Bosnia and Herzegovina,,,,,1,1954
Bruno Belin,Yugoslavia,16-Jan-29,Zagreb,Yugoslavia,Croatia,,,,,1,1954
Zlatko Papec,Yugoslavia,17-Jan-34,Zagreb,Yugoslavia,Croatia,,,,,1,1954
Dionizije Dvornić,Yugoslavia,27-Apr-26,Popovac,Yugoslavia,Croatia,,,,,1,1954
Walter Schleger,Austria,19-Sep-29,Prague,Czechoslovakia,Czech Republic,,,,,1,1958
Imrich Stacho,Czechoslovakia,4-Nov-31,Trnava,Czechoslovakia,Slovakia,,,,,1,1958
Gustav Mráz,Czechoslovakia,11-Sep-34,UNKNOWN,Czechoslovakia,Slovakia,,,,,1,1958
Kazimír Gajdoš,Czechoslovakia,28-Mar-34,UNKNOWN,Czechoslovakia,Slovakia,,,,,1,1958
Pavol Molnár,Czechoslovakia,13-Feb-36,Bratislava,Czechoslovakia,Slovakia,,,,,1,1958
Ján Popluhár,Czechoslovakia,12-Sep-35,Bernolákovo,Czechoslovakia,Slovakia,,,,,1,1958
Titus Buberník,Czechoslovakia,12-Oct-33,Pusté Úľany,Czechoslovakia,Slovakia,,,,,1,1958
Adolf Scherer,Czechoslovakia,5-May-38,Vrútky,Czechoslovakia,Slovakia,,,,,1,1958
Anton Moravčík,Czechoslovakia,3-Jun-31,Komárno,Czechoslovakia,Slovakia,,,,,1,1958
Just Fontaine,France,18-Jul-33,Marrakesh,French Morocco,Morocco,France ,Spain,,,1,1958
Célestin Oliver,France,12-Jul-30,Mostaganem,French Algeria,Algeria,Algeria,Algeria,,,1,1958
Jorge Romo Fuentes,Mexico,20-Apr-34,Havana,Cuba,,Mexico,Mexico,,,1,1958
Carlos Blanco Castañón,Mexico,5-Mar-28,Madrid,Spain,,,,,,1,1958
John Davison Hewie,Scotland,13-Dec-27,Pretoria,South Africa,,Scotland,Scotland,,,1,1958
Vladimir Nikitovich Maslachenko,Soviet Union,5-Mar-36,Vasylkivka,Soviet Union,Ukraine,,,,,1,1958
Leonid Ostrovskiy,Soviet Union,17-Jan-36,Riga,Soviet Union,Latvia,,,,,1,1958
Vladimir Beara,Yugoslavia,2-Nov-28,Zelovo,Yugoslavia,Croatia,,,,,1,1958
Vasilije Šijaković,Yugoslavia,31-Jul-29,Nikšić,Yugoslavia,Montenegro,,,,,1,1958
Tomislav Crnković,Yugoslavia,17-Jun-29,Kotor,Yugoslavia,Montenegro,,,,,1,1958
"Branislav ""Branko"" Zebec (Captain)",Yugoslavia,17-May-29,Zagreb,Yugoslavia,Croatia,,,,,1,1958
Ivan Šantek,Yugoslavia,23-Apr-32,Zagreb,Yugoslavia,Croatia,,,,,1,1958
Dragoslav Šekularac,Yugoslavia,8-Nov-37,Štip,Yugoslavia,Macedonia,Serbia,Macedonia,,,1,1958
Ilijas Pašić,Yugoslavia,10-May-34,Herceg Novi,Yugoslavia,Montenegro,,,,,1,1958
Radivoje Ognjanović,Yugoslavia,1-Jul-33,Strošinci,Yugoslavia,Croatia,,,,,1,1958
Gordan Irović,Yugoslavia,2-Jul-34,Herceg Novi,Yugoslavia,Montenegro,,,,,1,1958
Nikola Radović,Yugoslavia,20-Oct-32,Podgorica,Yugoslavia,Montenegro,,,,,1,1958
Dražan Jerković,Yugoslavia,6 augustus 1936,Šibenik,Yugoslavia,Croatia,,,,,1,1958
Vladimir Nikitovich Maslachenko,Soviet Union,5-Mar-36,Vasylkivka,Soviet Union,Ukraine,,,,,1,1962
Sergo (Sergei) Parmenovich Kotrikadze,Soviet Union,9 augustus 1936,Chokhatauri,Soviet Union,Georgia,,,,,1,1962
Eduard Isaakovich Dubinski,Soviet Union,6-Apr-35,Kharkiv,Soviet Union,Ukraine,,,,,1,1962
Givi Chokheli,Soviet Union,27-Jun-37,Telavi,Soviet Union,Georgia,,,,,1,1962
Leonid Ostrovskiy,Soviet Union,17-Jan-36,Riga,Soviet Union,Latvia,,,,,1,1962
Yozhef Sabo,Soviet Union,29-Feb-40,Uzhhorod,Hungary,,,,,,1,1962
Viktor Izrailyovych Kanevskyi,Soviet Union,3-Oct-36,Kiev,Soviet Union,Ukraine,,,,,1,1962
Mikhail Meskhi,Soviet Union,12-Jan-37,Tbilisi,Soviet Union,Georgia,,,,,1,1962
Viktor Serebryanikov,Soviet Union,29-Mar-40,Zaporizhzhia,Soviet Union,Ukraine,,,,,1,1962
Milutin Šoškić,Yugoslavia,31-Dec-37,Peć,Yugoslavia,Kosovo,,,,,1,1962
Vladimir Durković,Yugoslavia,6-Nov-37,Đakovica,Yugoslavia,Kosovo,,,,,1,1962
Fahrudin Jusufi,Yugoslavia,8-Dec-39,Zlipotok,Yugoslavia,Kosovo,,,,,1,1962
Petar Radaković,Yugoslavia,2-Feb-37,Rijeka,Italy / Yugoslavia,Croatia,,,,,1,1962
"Vladimir ""Vlatko"" Marković",Yugoslavia,1-Jan-37,Bugojno,Yugoslavia,Bosnia and Herzegovina,,,,,1,1962
Andrija Anković,Yugoslavia,16-Jul-37,Gabela,Yugoslavia,Bosnia and Herzegovina,,,,,1,1962
Dragoslav Šekularac,Yugoslavia,8-Nov-37,Štip,Yugoslavia,Macedonia,Serbia,Macedonia,,,1,1962
Dražan Jerković,Yugoslavia,6 augustus 1936,Šibenik,Yugoslavia,Croatia,,,,,1,1962
"Josip ""Joško"" Skoblar",Yugoslavia,12-Mar-41,Privlaka,Yugoslavia,Croatia,,,,,1,1962
Vasilije Šijaković,Yugoslavia,31-Jul-29,Nikšić,Yugoslavia,Montenegro,,,,,1,1962
Željko Matuš,Yugoslavia,9 augustus 1935,Donja Stubica,Yugoslavia,Croatia,,,,,1,1962
Muhamed Mujić,Yugoslavia,25-Apr-32,Mostar,Yugoslavia,Bosnia and Herzegovina,,,,,1,1962
Mirko Stojanović,Yugoslavia,11-Jun-39,Zagreb,Yugoslavia,Croatia,,,,,1,1962
Nikola Stipić,Yugoslavia,18-Dec-37,Bihać,Yugoslavia,Bosnia and Herzegovina,,,,,1,1962
Jürgen Kurbjuhn,West Germany,26-Jul-40,Tilsit (now Sovetsk),East Prussia,Russia,,,,,1,1962
Humberto Maschio,Italy,20-Feb-33,Avellaneda,Argentina,,Argentina,Argentina,Italy,,1,1962
"José João Altafini (""Mazzola"")",Italy,24-Jul-38,Piracicaba,Brazil,,Italy,Italy,,,1,1962
Omar Sívori,Italy,2-Oct-35,San Nicolás de los Arroyos,Argentina,,Argentina,Italy,Italy,,1,1962
Ángelo Benedicto Miguel Sormani (Angelo Sormani),Italy,3-Jul-39,Jaú,Brazil,,Brazil,Brazil,Italy,Italy,1,1962
Roberto Frigerio,Switzerland,16-May-38,Le Havre,France,,,,,,1,1962
Norbert Eschmann,Switzerland,19-Mar-33,Besançon,France,,,,,,1,1962
Ján Popluhár,Czechoslovakia,12 augustus 1935,Bernolákovo,Czechoslovakia,Slovakia,,,,,1,1962
Jozef Štibrányi,Czechoslovakia,11-Apr-40,Vlčkovce,Czechoslovakia,Slovakia,,,,,1,1962
Adolf Scherer,Czechoslovakia,5-May-38,Vrútky,Czechoslovakia,Slovakia,,,,,1,1962
Pavol Molnár,Czechoslovakia,13-Feb-36,Bratislava,Czechoslovakia,Slovakia,,,,,1,1962
Jozef Adamec,Czechoslovakia,26-Feb-42,Vrbové,Czechoslovakia,Slovakia,,,,,1,1962
František Schmucker,Czechoslovakia,28-Jan-40,Horvátjárfalu,Hungary,,,,,,1,1962
Titus Buberník,Czechoslovakia,12-Oct-33,Pusté Úľany,Czechoslovakia,Slovakia,,,,,1,1962
Andrej Kvašňák,Czechoslovakia,19-May-36,Košice,Czechoslovakia,Slovakia,,,,,1,1962
Jozef Bomba,Czechoslovakia,30-Mar-39,Bardejov,Czechoslovakia,Slovakia,,,,,1,1962
Alfredo Stéfano Di Stéfano Laulhé,Spain,4-Jul-26,Barracas,Argentina,,Italy,Argentina,France,Ireland,1,1962
Ferenc Puskás (born Ferenc Purczeld),Spain,2-Apr-27,Budapest,Hungary,,Germany,Hungary,,,1,1962
Eulogio Martínez,Spain,11-Jun-35,Asunción,Paraguay,,,,,,1,1962
José Emilio Santamaría Iglesias (José Santamaría),Spain,31-Jul-29,Montevideo,Uruguay,,Spain,Spain,,,1,1962
Nestor Combin,France,29-Dec-40,Las Rosas,Argentina,,Argentina,Argentina,,,1,1966
Héctor De Bourgoing,France,23-Jul-34,Posadas,Argentina,,Argentina,Argentina,,,1,1966
Wolfgang Weber,West Germany,26-Jun-44,Schlawe (Sławno),Nazi Germany,Poland,,,,,1,1966
Sigfried Held,West Germany,7 augustus 1942,Freudenthal (now Bruntál),Sudetenland / Nazi Germany,Czech Republic,,,,,1,1966
Klaus-Dieter Sieloff,West Germany,27-Feb-42,Tilsit (now Sovetsk),East Prussia,Russia,,,,,1,1966
Dimitar Yakimov,Bulgaria,12 augustus 1941,Slegovo,Bulgaria,,,,,,1,1966
Vicente da Fonseca Lucas (Vicente),Portugal,24-Sep-35,Lourenço Marques,Portuguese Mozambique,Mozambique,,,,,1,1966
Hilário Rosário da Conceição (Hilário),Portugal,19-Mar-39,Lourenço Marques,Portuguese Mozambique,Mozambique,,,,,1,1966
Mário Esteves Coluna (Mário Coluna  Captain),Portugal,6 augustus 1935,Inhaca,Portuguese Mozambique,Mozambique,Portugal,Mozambique,,,1,1966
"Eusébio da Silva Ferreira (Eusébio  ""Black Panther""  ""the Black Pearl""  ""o Rei"")",Portugal,25-Jan-42,Lourenço Marques,Portuguese Mozambique,Mozambique,Angola,Mozambique,,,1,1966
Viktor Serebryanikov,Soviet Union,29-Mar-40,Zaporizhzhia,Soviet Union,Ukraine,,,,,1,1966
Leonid Ostrovskiy,Soviet Union,17-Jan-36,Riga,Soviet Union,Latvia,,,,,1,1966
Murtaz Khurtsilava,Soviet Union,5-Jan-43,Bandza,Soviet Union,Georgia,,,,,1,1966
Yozhef Sabo,Soviet Union,29-Feb-40,Uzhhorod,Hungary,,,,,,1,1966
Georgi Sichinava,Soviet Union,15-Sep-44,Gagra,Soviet Union,Georgia,,,,,1,1966
Valeriy Porkujan,Soviet Union,4-Oct-44,Kirovohrad,Soviet Union,Ukraine,,,,,1,1966
Anatoliy Banishevskiy,Soviet Union,23-Feb-46,Baku,Soviet Union,Azerbaijan,,,,,1,1966
Eduard Markarov,Soviet Union,20-Jun-42,Baku,Soviet Union,Azerbaijan,,,,,1,1966
Anzor Kavazashvili,Soviet Union,19-Jul-40,Batumi,Soviet Union,Georgia,,,,,1,1966
Viktor Bannikov,Soviet Union,28-Apr-38,Zhytomyrschyna,Soviet Union,Ukraine,,,,,1,1966
Erwin Vandendaele,Belgium,5-Mar-45,Metz,France,,Germany,Belgium,,,1,1970
Dimitar Yakimov,Bulgaria,12 augustus 1941,Šlegovo,Macedonia,,,,,,1,1970
Karol Dobiaš,Czechoslovakia,18-Dec-47,Handlová,Czechoslovakia,Slovakia,,,,,1,1970
Vladimír Hagara,Czechoslovakia,7-Nov-43,Piešťany,Czechoslovakia,Slovakia,,,,,1,1970
Alexander Horváth (Captain),Czechoslovakia,28-Dec-38,Mošovce,Czechoslovakia,Slovakia,,,,,1,1970
Andrej Kvašňák,Czechoslovakia,19-May-36,Košice,Czechoslovakia,Slovakia,,,,,1,1970
Ladislav Petráš,Czechoslovakia,1-Dec-46,Necpaly,Czechoslovakia,Slovakia,,,,,1,1970
Ladislav Kuna,Czechoslovakia,3-Apr-47,Hlohovec,Czechoslovakia,Slovakia,,,,,1,1970
Jozef Adamec,Czechoslovakia,26-Feb-42,Vrbové,Czechoslovakia,Slovakia,,,,,1,1970
Karol Jokl,Czechoslovakia,29 augustus 1945,Partizánske,Czechoslovakia,Slovakia,,,,,1,1970
Ján Pivarník,Czechoslovakia,13-Nov-47,Cejkov,Czechoslovakia,Slovakia,,,,,1,1970
Anton Flešár,Czechoslovakia,8-May-44,Stropkov,Czechoslovakia,Slovakia,,,,,1,1970
Vladimír Hrivnák,Czechoslovakia,23-Apr-45,Hnúšťa,Czechoslovakia,Slovakia,,,,,1,1970
Ján Zlocha,Czechoslovakia,24-Mar-42,Bratislava,Czechoslovakia,Slovakia,,,,,1,1970
Ivan Hrdlička,Czechoslovakia,20-Nov-43,Bratislava,Czechoslovakia,Slovakia,,,,,1,1970
Jaroslav Pollák,Czechoslovakia,11-Jul-47,Medzev,Czechoslovakia,Slovakia,,,,,1,1970
Milan Albrecht,Czechoslovakia,16-Jul-50,Trenčín,Czechoslovakia,Slovakia,,,,,1,1970
Ján Čapkovič,Czechoslovakia,11-Jan-48,Bratislava,Czechoslovakia,Slovakia,,,,,1,1970
Alexander Vencel,Czechoslovakia,8-Feb-44,UNKNOWN,Czechoslovakia,Slovakia,,,,,1,1970
David Primo,Israel,5-May-46,UNKNOWN,Bulgaria,,,,,,1,1970
Zvi Rosen,Israel,23-Jun-47,Cologne ,West Germany,,,,,,1,1970
Itzhak Shum,Israel,1-Sep-48,Chişinău,Soviet Union,Moldavia,,,,,1,1970
Mordechai Spiegler (Captain),Israel,19 augustus 1944,Sochi,Soviet Union,Russia,Soviet Union,Soviet Union,,,1,1970
George Borba,Israel,12-Jul-44,Macerata ,Italy,,,,,,1,1970
Yisha'ayahu Schwager,Israel,10-Feb-46,UNKNOWN,Poland ,,,,,,1,1970
Rachamim Talbi,Israel,17-May-43,Vidin,Bulgaria,,,,,,1,1970
Leonid Shmuts,Soviet Union,8-Oct-48,Nikopol,Soviet Union,Ukraine,,,,,1,1970
Anzor Kavazashvili,Soviet Union,19-Jul-40,Batumi,Soviet Union,Georgia,,,,,1,1970
Revaz Dzodzuashvili,Soviet Union,15-Apr-45,Kutaisi,Soviet Union,Georgia,,,,,1,1970
Vladimir Kaplichny,Soviet Union,26-Feb-44,Kamianets-Podilskyi,Soviet Union,Ukraine,,,,,1,1970
Murtaz Khurtsilava,Soviet Union,5-Jan-43,Bandza,Soviet Union,Georgia,,,,,1,1970
Kakhi Asatiani,Soviet Union,1-Jan-47,Telavi,Soviet Union,Georgia,,,,,1,1970
Vladimir Muntyan,Soviet Union,14-Sep-46,Kotovsk,Soviet Union,Ukraine,,,,,1,1970
Viktor Serebryanikov,Soviet Union,29-Mar-40,Zaporizhzhia,Soviet Union,Ukraine,,,,,1,1970
Anatoliy Byshovets,Soviet Union,23-Apr-46,Kiev,Soviet Union,Ukraine,,,,,1,1970
Givi Nodia,Soviet Union,2-Jan-48,Kutaisi,Soviet Union,Georgia,,,,,1,1970
Vitaly Khmelnitsky,Soviet Union,12-Jun-43,Orichiw gebit,Soviet Union,Ukraine,,,,,1,1970
Valeriy Porkujan,Soviet Union,4-Oct-44,Kirovohrad,Soviet Union,Ukraine,,,,,1,1970
Wolfgang Weber,West Germany,26-Jun-44,Schlawe (Sławno),Nazi Germany,Poland,,,,,1,1970
Sigfried Held,West Germany,7 augustus 1942,Freudenthal,Sudetenland / Nazi Germany,Czech Republic,,,,,1,1970
Klaus-Dieter Sieloff,West Germany,27-Feb-42,Tilsit (now Sovetsk),East Prussia / Nazi Germany,Russia,,,,,1,1970
"John ""Jack"" Reilly",Australia,27 augustus 1945,Stonehaven,Scotland,,Scotland,Scotland,Scotland,,1,1974
Peter Wilson (Captain),Australia,15-Sep-47,Felling ,England,,England,England,,,1,1974
Ray Richards,Australia,18-May-46,Croydon,England,,England,England,,,1,1974
Jimmy Rooney,Australia,10-Dec-45,Dundee,Scotland,,Scotland,Scotland,,,1,1974
Jimmy Mackay,Australia,19-Dec-43,Edinburgh,Scotland,,Scotland,Scotland,,,1,1974
Adrian Alston,Australia,6-Feb-49,Preston,England,,England,England,,,1,1974
Peter Ollerton,Australia,20-May-51,Preston,England,,England,England,,,1,1974
Dave Harding,Australia,14 augustus 1946,Liverpool ,England,,,,,,1,1974
Johnny Watkiss,Australia,28-Mar-41,Willenhall,England,,,,,,1,1974
"Dragan ""Doug"" Utjesenovic",Australia,8-Oct-46,Belgrade,Kingdom of Yugoslavia,Serbia,Yugoslavia,Yugoslavia,,,1,1974
Manfred Schäfer,Australia,12-Feb-43,Pillau,Germany,,West Germany,West Germany,,,1,1974
Attila Abonyi,Australia,16 augustus 1946,Budapest,Hungary,,Hungary,Hungary,,,1,1974
Ivo Rudic,Australia,24-Jan-42,Split,Kingdom of Yugoslavia,Croatia,,,,,1,1974
Branko Buljevic,Australia,6-Sep-47,Split,Kingdom of Yugoslavia,Croatia,,,,,1,1974
David Harvey,Scotland,7-Feb-48,Leeds,England,,Scotland,England,,,1,1974
Enver Marić,Yugoslavia,23-Apr-48,Mostar,Yugoslavia,Bosnia and Herzegovina,,,,,1,1974
"Ivan ""Iko"" Buljan",Yugoslavia,11-Dec-49,Runovići,Yugoslavia,Croatia,,,,,1,1974
Dražen Mužinić,Yugoslavia,25-Jan-53,Split,Yugoslavia,Croatia,,,,,1,1974
Josip Katalinski,Yugoslavia,12-May-48,Sarajevo,Yugoslavia,Bosnia and Herzegovina,,,,,1,1974
Ilija Petković,Yugoslavia,22-Sep-45,Knin,Yugoslavia,Croatia,,,,,1,1974
Branko Oblak,Yugoslavia,27-May-47,Ljubljana,Yugoslavia,Slovenia,,,,,1,1974
Ivica Šurjak ,Yugoslavia,23-Mar-53,Split,Yugoslavia,Croatia,,,,,1,1974
Jurica Jerković,Yugoslavia,25-Feb-50,Split,Yugoslavia,Croatia,,,,,1,1974
Luka Peruzović,Yugoslavia,26-Feb-52,Split,Yugoslavia,Croatia,,,,,1,1974
Kiril Dojčinovski,Yugoslavia,17-Oct-43,Skopje,Yugoslavia,Macedonia,,,,,1,1974
Franjo Vladić,Yugoslavia,19-Oct-51,Mostar,Yugoslavia,Bosnia and Herzegovina,,,,,1,1974
Dušan Bajević,Yugoslavia,10-Dec-48,Mostar,Yugoslavia,Bosnia and Herzegovina,,,,,1,1974
Rizah Mešković,Yugoslavia,10 augustus 1947,Tuzla,Yugoslavia,Bosnia and Herzegovina,,,,,1,1974
Giuseppe Wilson,Italy,27-Oct-45,Darlington,England,,England,Italy,,,1,1974
Herbert Wimmer,West Germany,9-Nov-44,Eupen,Belgium,,,,,,1,1974
Gérard Janvion,France,21 augustus 1953,Fort-de-France,Martinique,,,,,,1,1978
Christian Lopez,France,15-Mar-53,Aïn Témouchent,French Algeria,Algeria,,,,,1,1978
Marius Trésor (Captain),France,15-Jan-50,Sainte-Anne,Guadeloupe,,Guadeloupe,Guadeloupe,,,1,1978
Jean-Paul Bertrand-Demanes,France,23-May-52,Casablanca,Morocco,,Morocco,Morocco,,,1,1978
Claudio Gentile,Italy,27-Sep-53,Tripoli,Libya,,Libiya,Libiya,,,1,1978
Rubén Andrés Cano Martínez (Rubén Cano),Spain,5-Feb-51,San Rafael,Argentina,,Spain,Spain,,,1,1978
Ramón Quiroga,Peru,23-Jul-50,Rosario,Argentina,,Argentina,Argentina,,,1,1978
Bruce Rioch (Captain),Scotland,6-Sep-47,Aldershot,England,,Scotland,,,,1,1978
Ramón Quiroga,Peru,23-Jul-50,Rosario,Argentina,,Argentina,Argentina,,,1,1982
Nourredine Kourichi,Algeria,12-Apr-54,Ostricourt,France,,,,,,1,1982
Ali Fergani (Captain),Algeria,21-Sep-52,Onnaing,France,,,,,,1,1982
Faouzi Mansouri,Algeria,17-Jan-56,Menzel,Tunisia,,Tunisia,Tunisia,Algeria,Algeria,1,1982
Bernd Krauss,Austria,8-May-57,Dortmund,Germany,,Germany,Germany,,,1,1982
Terry Butcher,England,28-Dec-58,Singapore,Singapore,,England,England,,,1,1982
Stanislav Seman,Czechoslovakia,8 augustus 1952,Košice,Czechoslovakia,Slovakia,,,,,1,1982
Ladislav Jurkemik,Czechoslovakia,20-Jul-53,Jacovce,Czechoslovakia,Slovakia,,,,,1,1982
Jozef Barmoš,Czechoslovakia,28 augustus 1954,Šurany,Czechoslovakia,Slovakia,,,,,1,1982
Ján Kozák,Czechoslovakia,17-Apr-54,Matejovce nad Hornádom,Czechoslovakia,Slovakia,,,,,1,1982
Jozef Kukučka,Czechoslovakia,13-Mar-57,Nitra,Czechoslovakia,Slovakia,,,,,1,1982
Marián Masný,Czechoslovakia,13 augustus 1950,Rybany,Czechoslovakia,Slovakia,,,,,1,1982
Gérard Janvion,France,21 augustus 1953,Fort-de-France,Martinique,,,,,,1,1982
Christian Lopez,France,15-Mar-53,Aïn Témouchent,French Algeria,Algeria,,,,,1,1982
Marius Trésor,France,15-Jan-50,Sainte-Anne,Guadeloupe,,Guadeloupe,Guadeloupe,,,1,1982
Jean-François Larios,France,27 augustus 1956,Sidi Bel Abbès,French Algeria,Algeria,,,,,1,1982
Jean Tigana,France,23-Jun-55,Bamako ,French Sudan,Sudan,Mali,Mali,,,1,1982
Gérard Soler,France,29-Mar-54,Oujda,Morocco,,Morocco,Morocco,,,1,1982
Claudio Gentile,Italy,27-Sep-53,Tripoli,Libya,,Libiya,Libiya,,,1,1982
Ahmed Al-Tarabulsi,Kuwait,22-Mar-47,Beirut,Lebanon,,,,,,1,1982
Jimmy Nicholl,Northern Ireland,28 februari 1956,Hamilton,Canada,,Canada,Canada,,,1,1982
Chris Nicholl,Northern Ireland,12-Oct-46,Wilmslow,England,,,,Northern-Ireland (?),Northern-Ireland (?),1,1982
Roberto López Ufarte,Spain,19-Apr-58,Fes,Morocco,,Spain,Spain,,,1,1982
Ive Jerolimov,Yugoslavia,30-Mar-58,Preko,Yugoslavia,Croatia,,,,,1,1982
Ivan Gudelj,Yugoslavia,21-Sep-60,Imotski,Yugoslavia,Croatia,,,,,1,1982
Velimir Zajec,Yugoslavia,12-Feb-56,Zagreb,Yugoslavia,Croatia,,,,,1,1982
Nenad Stojković,Yugoslavia,26-May-56,Prizren,Yugoslavia,Kosovo,,,,,1,1982
Edhem Šljivo,Yugoslavia,16-Mar-50,Sarajevo,Yugoslavia,Bosnia and Herzegovina,,,,,1,1982
Zoran Vujović,Yugoslavia,26 augustus 1958,Sarajevo,Yugoslavia,Bosnia and Herzegovina,,,,,1,1982
Zlatko Vujović,Yugoslavia,26 augustus 1958,Sarajevo,Yugoslavia,Bosnia and Herzegovina,,,,,1,1982
Safet Sušić,Yugoslavia,13-Apr-55,Zavidovići,Yugoslavia,Bosnia and Herzegovina,,,,,1,1982
Nikola Jovanović,Yugoslavia,18-Sep-52,Cetinje,Yugoslavia,Montenegro,,,,,1,1982
Miloš Hrstić,Yugoslavia,20-Nov-55,Vojnić,Yugoslavia,Croatia,,,,,1,1982
Miloš Šestić,Yugoslavia,8 augustus 1956,Laktaši,Yugoslavia,Bosnia and Herzegovina,,,,,1,1982
Jurica Jerković,Yugoslavia,25-Feb-50,Split,Yugoslavia,Croatia,,,,,1,1982
Stjepan Deverić,Yugoslavia,20 augustus 1961,Velika Gorica,Yugoslavia,Croatia,,,,,1,1982
Vahid Halilhodžić,Yugoslavia,15-Oct-52,Jablanica,Yugoslavia,Bosnia and Herzegovina,,,,,1,1982
Ivica Šurjak (Captain),Yugoslavia,23-Mar-53,Split,Yugoslavia,Croatia,,,,,1,1982
Predrag Pašić,Yugoslavia,18-Oct-58,Sarajevo,Yugoslavia,Bosnia and Herzegovina,,,,,1,1982
Brian Turner,New Zealand,31-Jul-49,East Ham ,England,,England,England,,,1,1982
Dave Bright,New Zealand,29-Nov-49,UNKNOWN,England,,,,,,1,1982
Bobby Almond,New Zealand,16-Apr-51,London,England,,England,England,,,1,1982
Duncan Cole,New Zealand,12-Jul-58,UNKNOWN,England,,England,England,,,1,1982
Steve Wooddin,New Zealand,16-Jan-55,Birkenhead,England,,England,England,,,1,1982
Steve Sumner (Captain),New Zealand,2-Apr-55,Preston,England,,England,England,,,1,1982
Sam Malcolmson,New Zealand,2-Apr-48,Dalbeattie,Scotland,,Scotland,Scotland,,,1,1982
Adrian Elrick,New Zealand,29-Sep-49,Aberdeen,Scotland,,Scotland,Scotland,,,1,1982
John Hill,New Zealand,7-Jan-50,Linfield,Northern Ireland,,Northern Ireland,Northern Ireland,,,1,1982
Allan Boath,New Zealand,14-Feb-58,Dundee,Scotland,,Scotland,Scotland,,,1,1982
William James S. M. McClure (Billy McClure),New Zealand,4-Jan-58,Liverpool,England,,,,,,1,1982
Tengiz Sulakvelidze,Soviet Union,23-Jul-56,Kutaisi,Soviet Union,Georgia,,,,,1,1982
Aleksandr Chivadze (Captian),Soviet Union,8-Apr-55,Klukhori,Soviet Union,Georgia,,,,,1,1982
Sergei Baltacha,Soviet Union,17-Feb-58,Mariupol,Soviet Union,Ukraine,,,,,1,1982
Anatoliy Demyanenko ,Soviet Union,19-Feb-59,Dnipropetrovsk,Soviet Union,Ukraine,,,,,1,1982
Ramaz Shengelia,Soviet Union,1-Jan-57,Kutaisi,Soviet Union,Georgia,,,,,1,1982
Volodymyr Bezsonov,Soviet Union,5-Mar-58,Kharkiv,Soviet Union,Ukraine,,,,,1,1982
Khoren Oganesian,Soviet Union,10-Jan-55,Yerevan,Soviet Union,Armenia,,,,,1,1982
Oleh Blokhin,Soviet Union,5-Nov-52,Kiev,Soviet Union,Ukraine,Russia,Ukraine,,,1,1982
Andriy Bal,Soviet Union,16-Feb-58,Rozdil,Soviet Union,Ukraine,,,,,1,1982
Vitaly Daraselia,Soviet Union,9-Oct-57,Ochamchire,Soviet Union,Georgia,Georgia,Abkhazia,,,1,1982
Sergei Borovsky,Soviet Union,29-Jan-56,Minsk,Soviet Union,Belarus,,,,,1,1982
Sergey Andreyev,Soviet Union,16-May-56,Luhansk,Soviet Union,Ukraine,,,,,1,1982
Leonid Buryak,Soviet Union,10-Jul-53,Odessa,Soviet Union,Ukraine,,,,,1,1982
Yuri Susloparov,Soviet Union,14 augustus 1958,Kharkiv,Soviet Union,Ukraine,,,,,1,1982
Vadym Yevtushenko,Soviet Union,1-Jan-58,Piatykhatky,Soviet Union,Ukraine,,,,,1,1982
Viktor Chanov,Soviet Union,21-Jul-59,Donetsk,Soviet Union,Ukraine,,,,,1,1982
Rachid Harkouk,Algeria,16-May-56,Chelsea,England,,Algeria ,England,,,1,1986
Nourredine Kourichi,Algeria,12-Apr-54,Ostricourt,France,,,,,,1,1986
Halim Benmabrouk,Algeria,25-Jun-60,Lyon,France,,Algeria,Algeria,,,1,1986
Fathi Chebal,Algeria,19 augustus 1956,Lyon,France,,,,,,1,1986
Faouzi Mansouri,Algeria,17-Jan-56,Menzel,Tunisia,,Tunisia,Tunisia,Algeria,Algeria,1,1986
Tino Lettieri,Canada,27-Sep-57,Bari,Italy,,Italy,Italy,,,1,1986
Sven Habermann,Canada,3-Nov-61,West Berlin,West Germany,Germany,Germany,Germany,,,1,1986
Randy Samuel,Canada,23-Dec-63,Point Fortin,Trinidad and Tobago,,Trinidad and Tobago,Trinidad and Tobago,,,1,1986
Paul James,Canada,11-Nov-63,Cardiff,Wales,,Wales,Wales,,,1,1986
Igor Vrablic,Canada,19-Jul-65,Bratislava,Czechoslovakia,Slovakia,Czechoslovakia,Czechoslovakia,,,1,1986
Gerry Gray,Canada,20-Jan-61,Glasgow,Scotland,,Scotland,Scotland,,,1,1986
David Norman,Canada,6-May-62,Glasgow,Scotland,,Scotland,Scotland,,,1,1986
Colin Miller,Canada,4-Oct-64,Hamilton,Scotland,,Scotland,Scotland,,,1,1986
Carl Valentine,Canada,4-Jul-58,Manchester,England,,Jamaica,England,,,1,1986
Branko Šegota,Canada,8-Jun-61,Rijeka,Yugoslavia,Croatia,Yugoslavia,Yugoslavia,,,1,1986
Terry Butcher,England,28-Dec-58,Singapore,Singapore,,England,England,,,1,1986
John Barnes,England,7-Nov-63,Kingston,Jamaica,,Trinidad and Tobago,Jamaica,,,1,1986
William Ayache,France,10-Jan-61,Algiers,French Algeria,Algeria,Algeria,Algeria,,,1,1986
Luis Fernández,France,2-Oct-59,Tarifa,Spain,,Spain,Spain,,,1,1986
Jean Tigana,France,23-Jun-55,Bamako ,French Sudan,Sudan,Mali,Mali,,,1,1986
Jimmy Nicholl,Northern Ireland,28 februari 1956,Hamilton,Canada,,Canada,Canada,,,1,1986
Bernard McNally,Northern Ireland,17-Feb-63,Shrewsbury,England,,,,Northern-Ireland (?),Northern-Ireland (?),1,1986
Jorge Amado Nunes,Paraguay,18-Oct-61,Berazategui,Argentina,,Argentina,Argentina,,,1,1986
Richard Gough,Scotland,5-Apr-62,Stockholm ,Sweden,,Scotland,Sweden,,,1,1986
Andy Goram,Scotland,13-Apr-64,Bury,England,,Scotland,,,,1,1986
Volodymyr Bezsonov,Soviet Union,5-Mar-58,Kharkiv,Soviet Union,Ukraine,,,,,1,1986
Viktor Chanov,Soviet Union,21-Jul-59,Donetsk,Soviet Union,Ukraine,,,,,1,1986
Vasyl Rats,Soviet Union,25-Apr-61,Fanchikove,Soviet Union,Ukraine,,,,,1,1986
Vadym Yevtushenko,Soviet Union,1-Jan-58,Piatykhatky,Soviet Union,Ukraine,,,,,1,1986
Serhiy Krakovskiy,Soviet Union,11 augustus 1960,Mykolaiv,Soviet Union,Ukraine,,,,,1,1986
Sergei Aleinikov,Soviet Union,7-Nov-61,Minsk,Soviet Union,Belarus,,,,,1,1986
Pavel Yakovenko,Soviet Union,19-Dec-64,Nikopol,Soviet Union,Ukraine,,,,,1,1986
Oleksandr Zavarov,Soviet Union,26-Apr-61,Luhansk,Soviet Union,Ukraine,,,,,1,1986
Oleh Protasov,Soviet Union,4-Feb-64,Dnipropetrovsk,Soviet Union,Ukraine,,,,,1,1986
Oleh Kuznetsov,Soviet Union,22-Mar-63,Magdeburg,East Germany,Germany,Ukraine,Ukraine,,,1,1986
Oleh Blokhin,Soviet Union,5-Nov-52,Kiev,Soviet Union,Ukraine,Russia,Ukraine,,,1,1986
Ivan Yaremchuk,Soviet Union,19-Mar-62,Velykyy Bychkiv,Soviet Union,Ukraine,,,,,1,1986
Ihor Belanov,Soviet Union,25-Sep-60,Odessa,Soviet Union,Ukraine,,,,,1,1986
Gennadiy Lytovchenko,Soviet Union,11-Sep-63,Dniprodzerzhinsk,Soviet Union,Ukraine,,,,,1,1986
Andriy Bal,Soviet Union,16-Feb-58,Rozdil,Soviet Union,Ukraine,,,,,1,1986
Anatoliy Demyanenko (Captain),Soviet Union,19-Feb-59,Dnipropetrovsk,Soviet Union,Ukraine,,,,,1,1986
Aleksandr Chivadze,Soviet Union,8-Apr-55,Klukhori,Soviet Union,Georgia,,,,,1,1986
Matthias Herget,West Germany,14-Nov-55,Annaberg-Buchholz,East Germany,Germany,,,,,1,1986
Alexandre Guimarães ,Costa Rica,7-Nov-59,Maceió,Brazil,,Brazil,,,,1,1990
Ján Kocian,Czechoslavakia,13-Mar-58,Zlaté Moravce,Czechoslovakia,Slovakia,,,,,1,1990
Jozef Chovanec,Czechoslavakia,7-Mar-60,Dolné Kočkovce,Czechoslovakia,Slovakia,,,,,1,1990
Ľubomír Moravčík,Czechoslavakia,22-Jun-65,Nitra,Czechoslovakia,Slovakia,,,,,1,1990
Peter Fieber,Czechoslavakia,16-May-64,Bratislava,Czechoslovakia,Slovakia,,,,,1,1990
Vladimír Weiss,Czechoslavakia,22-Sep-64,Bratislava,Czechoslovakia,Slovakia,,,,,1,1990
Vladimír Kinier,Czechoslavakia,6-Apr-58,Žilina,Czechoslovakia,Slovakia,,,,,1,1990
Viliam Hýravý,Czechoslavakia,26-Nov-62,Ružomberok,Czechoslovakia,Slovakia,,,,,1,1990
Milan Luhový,Czechoslavakia,1-Jan-63,Ružomberok,Czechoslovakia,Slovakia,,,,,1,1990
Stanislav Griga,Czechoslavakia,4-Nov-61,Žilina,Czechoslovakia,Slovakia,,,,,1,1990
Peter Palúch,Czechoslavakia,17-Feb-58,Ružomberok,Czechoslovakia,Slovakia,,,,,1,1990
Terry Butcher,England,28-Dec-58,Singapore,Singapore,,England,England,,,1,1990
John Barnes,England,7-Nov-63,Kingston,Jamaica,,Trinidad and Tobago,Jamaica,,,1,1990
Tony Dorigo,England,31-Dec-65,Melbourne,Australia,,Italy,Australia,,,1,1990
Graeme Rutjes,Netherlands,26-Mar-60,Sydney,Australia,,Netherlands,Netherlands,,,1,1990
John van 't Schip,Netherlands,30-Nov-63,Fort St. John,Canada,,Netherlands,Netherlands,,,1,1990
Henk Fräser,Netherlands,7-Jul-66,Paramaribo,Suriname,,Suriname,Suriname,,,1,1990
Aron Winter,Netherlands,1-Mar-67,Paramaribo,Suriname,,Suriname,Suriname ,China,,1,1990
Stanley Menzo,Netherlands,15-Oct-63,Paramaribo,Suriname,,,,,,1,1990
Chris Morris,Republic of Ireland,24-Dec-63,Newquay,England,,England,Republic of Ireland,,,1,1990
Mick McCarthy (Captain),Republic of Ireland,7-Feb-59,Barnsley,England,,Republic of Ireland,England,,,1,1990
Paul McGrath,Republic of Ireland,4-Dec-59,Ealing,England,,Nigeria,Republic of Ireland,,,1,1990
Ray Houghton,Republic of Ireland,9-Jan-62,Glasgow ,Scotland,,Republic of Ireland,,,,1,1990
John Aldridge,Republic of Ireland,18-Sep-58,Liverpool,England,,England,England,Republic of Ireland,,1,1990
Tony Cascarino,Republic of Ireland,1-Sep-62,St Paul's Cray,England,,Scotland,England,Republic of Ireland,Italy,1,1990
Kevin Sheedy,Republic of Ireland,21-Oct-59,Builth Wells,Wales,,Republic of Ireland,Wales,,,1,1990
David O'Leary,Republic of Ireland,2-May-58,Stoke Newington,England,,Republic of Ireland,Republic of Ireland,,,1,1990
Andy Townsend ,Republic of Ireland,23-Jul-63,Maidstone,England,,England,England,,,1,1990
Chris Hughton,Republic of Ireland,11-Dec-59,Forest Gate,England,,Ghana,Republic of Ireland,,,1,1990
Bernie Slaven,Republic of Ireland,13-Nov-60,Paisley,Scotland,,Scotland,Scotland,Republic of Ireland,,1,1990
John Sheridan,Republic of Ireland,1-Oct-64,Stretford,England,,,,Republic of Ireland,,1,1990
"David Kelly (""Ned Kelly"")",Republic of Ireland,25-Nov-65,Birmingham,England,,Republic of Ireland,England,,,1,1990
John Byrne,Republic of Ireland,1-Feb-61,Manchester,England,,Republic of Ireland,England,,,1,1990
Alan McLoughlin,Republic of Ireland,20-Apr-67,Manchester,England,,Republic of Ireland,Republic of Ireland,,,1,1990
Gerry Peyton,Republic of Ireland,20-May-56,Birmingham,England,,,,Republic of Ireland,,1,1990
Richard Gough,Scotland,5-Apr-62,Stockholm ,Sweden,,Scotland,Sweden,,,1,1990
Andy Goram,Scotland,13-Apr-64,Bury,England,,Scotland,,,,1,1990
Stuart McCall,Scotland,10-Jun-64,Leeds,England,,Scotland,,,,1,1990
Tomislav Ivković,SFR Yugoslavia,11 augustus 1960,Zagreb,SFR Yugoslavia,Croatia,,,,,1,1990
Vujadin Stanojković,SFR Yugoslavia,10-Sep-63,Rečica,SFR Yugoslavia,Macedonia,,,,,1,1990
Zoran Vulić,SFR Yugoslavia,4-Oct-61,Split,SFR Yugoslavia,Croatia,,,,,1,1990
Faruk Hadžibegić,SFR Yugoslavia,7-Oct-57,Sarajevo,SFR Yugoslavia,Bosnia and Herzegovina,,,,,1,1990
Davor Jozić,SFR Yugoslavia,22-Sep-60,Konjic,SFR Yugoslavia,Bosnia and Herzegovina,,,,,1,1990
Dragoljub Brnović,SFR Yugoslavia,2-Nov-63,Podgorica,SFR Yugoslavia,Montenegro,,,,,1,1990
Safet Sušić,SFR Yugoslavia,13-Apr-55,Zavidovići,SFR Yugoslavia,Bosnia and Herzegovina,,,,,1,1990
Darko Pančev,SFR Yugoslavia,7-Sep-65,Skopje,SFR Yugoslavia,Macedonia,,,,,1,1990
Zlatko Vujović (Captain),SFR Yugoslavia,26 augustus 1958,Sarajevo,SFR Yugoslavia,Bosnia and Herzegovina,,,,,1,1990
Fahrudin Omerović,SFR Yugoslavia,26 augustus 1961,Doboj,SFR Yugoslavia,Bosnia and Herzegovina,,,,,1,1990
Robert Prosinečki,SFR Yugoslavia,12-Jan-69,Schwenningen,West Germany,Germany,Croatia,Serbia,,,1,1990
Srečko Katanec,SFR Yugoslavia,16-Jul-63,Ljubljana,SFR Yugoslavia,Slovenia,,,,,1,1990
Alen Bokšić,SFR Yugoslavia,21-Jan-70,Makarska,SFR Yugoslavia,Croatia,,,,,1,1990
Refik Šabanadžović,SFR Yugoslavia,2 augustus 1965,Tuzi,SFR Yugoslavia,Montenegro,,,,,1,1990
Robert Jarni,SFR Yugoslavia,26-Oct-68,Čakovec,SFR Yugoslavia,Croatia,,,,,1,1990
Mirsad Baljić,SFR Yugoslavia,4-Mar-62,Sarajevo,SFR Yugoslavia,Bosnia and Herzegovina,,,,,1,1990
Dejan Savićević,SFR Yugoslavia,15-Sep-66,Podgorica,SFR Yugoslavia,Montenegro,,,,,1,1990
Davor Šuker ,SFR Yugoslavia,1-Jan-68,Osijek,SFR Yugoslavia,Croatia,,,,,1,1990
Andrej Panadić,SFR Yugoslavia,9-Mar-69,Zagreb,SFR Yugoslavia,Croatia,,,,,1,1990
Volodymyr Bezsonov,Soviet Union,5-Mar-58,Kharkiv,Soviet Union,Ukraine,,,,,1,1990
Oleh Kuznetsov,Soviet Union,22-Mar-63,Magdeburg,East Germany,Germany,Ukraine,Ukraine,,,1,1990
Anatoliy Demyanenko,Soviet Union,19-Feb-59,Dnipropetrovsk,Soviet Union,Ukraine,,,,,1,1990
Sergei Aleinikov,Soviet Union,7-Nov-61,Minsk,Soviet Union,Belarus,,,,,1,1990
Gennadiy Lytovchenko,Soviet Union,11-Sep-63,Dniprodzerzhinsk,Soviet Union,Ukraine,,,,,1,1990
Oleksandr Zavarov,Soviet Union,26-Apr-61,Luhansk,Soviet Union,Ukraine,,,,,1,1990
Oleh Protasov,Soviet Union,4-Feb-64,Dnipropetrovsk,Soviet Union,Ukraine,,,,,1,1990
Igor Dobrovolski,Soviet Union,27 augustus 1967,Markivka,Soviet Union,Ukraine,,,,,1,1990
Akhrik Tsveiba,Soviet Union,10-Sep-66,Gudauta,Soviet Union,Georgia,,,,,1,1990
Volodymyr Lyutyi,Soviet Union,24-Apr-62,Dnipropetrovsk,Soviet Union,Ukraine,,,,,1,1990
Ivan Yaremchuk,Soviet Union,19-Mar-62,Velykyy Bychkiv,Soviet Union,Ukraine,,,,,1,1990
Viktor Chanov,Soviet Union,21-Jul-59,Donetsk,Soviet Union,Ukraine,,,,,1,1990
Andrei Zygmantovich,Soviet Union,2-Dec-62,Minsk,Soviet Union,Belarus,,,,,1,1990
Sergei Gorlukovich,Soviet Union,18-Nov-61,Boruny,Soviet Union,Belarus,,,,,1,1990
Mike Windischmann (Captain),United States,6-Dec-65,Nuremberg,West Germany,Germany,West Germany,West Germany,,,1,1990
Tab Ramos,United States,21-Sep-66,Montevideo,Uruguay,,Uruguay,Uruguay,,,1,1990
Josip Weber,Belgium,16-Nov-64,Slavonski Brod,SFR Yugoslavia,Croatia,Croatia,Croatia,Belgium,,1,1994
Carlos Trucco,Bolivia,8 augustus 1957,Córdoba,Argentina,,Argentina,Argentina,,,1,1994
Gustavo Domingo Quinteros Desabato (Gustavo Quinteros),Bolivia,15-Feb-65,Santa Fe,Argentina,,Argentina,Argentina,,,1,1994
Ruben Darío Rojas Dielma (Darío Rojas),Bolivia,20-Jan-60,Buenos Aires,Argentina,,,,,,1,1994
Luis Cristaldo,Bolivia,31 augustus 1969,Formosa,Argentina,,,,,,1,1994
Matthias Sammer,Germany,5-Sep-67,Dresden,East Germany,Germany,,,,,1,1994
Ulf Kirsten,Germany,4-Dec-65,Riesa,East Germany,Germany,,,,,1,1994
Minas Hantzidis,Greece,4-Jul-66,Kettwig,West Germany,Germany,Greece,Greece,,,1,1994
Savvas Kofidis,Greece,21-Mar-61,Alma-Ata,Kazach SSR (Soviet Union),Kazachstan,Greece,Greece,,,1,1994
Ulrich van Gobbel,Netherlands,16-Jan-71,Paramaribo,Suriname,,Suriname,Suriname,,Suriname,1,1994
Aron Winter,Netherlands,1-Mar-67,Paramaribo,Suriname,,Suriname,Suriname ,China,,1,1994
Efan Ekoku,Nigeria,8-Jun-67,Cheetham Hill,England,,Nigeria,England (?),,,1,1994
Karl Petter Løken,Norway,14 augustus 1966,Karlskoga,Sweden,,Norway,Norway,,,1,1994
Terry Phelan,Republic of Ireland,16-Mar-67,Manchester,England,,,,Republic of Ireland (?),Republic of Ireland (?),1,1994
Paul McGrath,Republic of Ireland,4-Dec-59,Ealing,England,,Nigeria,Republic of Ireland,,,1,1994
Andy Townsend (Captain),Republic of Ireland,23-Jul-63,Maidstone,England,,England,England,,,1,1994
Ray Houghton,Republic of Ireland,9-Jan-62,Glasgow ,Scotland,,Republic of Ireland,,,,1,1994
John Aldridge,Republic of Ireland,18-Sep-58,Liverpool,England,,England,England,Republic of Ireland (?),,1,1994
John Sheridan,Republic of Ireland,1-Oct-64,Stretford,England,,,,Republic of Ireland,,1,1994
Alan Kernaghan,Republic of Ireland,25-Apr-67,Belfast,Northern Ireland,,Norhtern Ireland,Northern Ireland,Republic of Ireland,Republic of Ireland,1,1994
Phil Babb,Republic of Ireland,30-Oct-70,Lambeth,England,,,Republic of Ireland,Republic of Ireland,Republic of Ireland,1,1994
Tommy Coyne,Republic of Ireland,14-Nov-62,Govan,Scotland,,Scotland,Scotland,,Republic of Ireland,1,1994
Tony Cascarino,Republic of Ireland,1-Sep-62,St Paul's Cray,England,,Scotland,England,Republic of Ireland (?),Italy,1,1994
Eddie McGoldrick,Republic of Ireland,30-Apr-65,Islington,England,,,,Republic of Ireland,Republic of Ireland,1,1994
Alan McLoughlin,Republic of Ireland,20-Apr-67,Manchester,England,,Republic of Ireland,Republic of Ireland,,,1,1994
David Kelly,Republic of Ireland,25-Nov-65,Birmingham,England,,Republic of Ireland,,,,1,1994
Jason McAteer,Republic of Ireland,18-Jun-71,Tranmere,England,,England,England,Republic of Ireland,,1,1994
Alan Kelly,Republic of Ireland,11 augustus 1968,Preston,England,,Republic of Ireland,,,,1,1994
Sergei Gorlukovich,Russia,18-Nov-61,Boruny,Soviet Union,Belarus,,,,,1,1994
Yuri Nikiforov,Russia,16-Sep-70,Odessa,Soviet Union,Estonia,,,,,1,1994
Vladislav Ternavski,Russia,2-May-69,Kiev,Soviet Union,Ukraine,,,,,1,1994
Andrei Piatnitski,Russia,27-Sep-67,Tashkent,Soviet Union,Uzbekistan,,,,,1,1994
Valery Karpin,Russia,2-Feb-69,Narva,Soviet Union,Ukraine,,,,,1,1994
Omari Tetradze,Russia,13-Oct-69,Velospiri,Soviet Union,Georgia,,,,Georgia,1,1994
Ilya Tsymbalar,Russia,17-Feb-69,Odessa,Soviet Union,Ukraine,,,,,1,1994
Viktor Onopko ,Russia,14-Oct-69,Voroshilovgrad,Soviet Union,Ukraine,,,,,1,1994
Sergei Yuran,Russia,11-Jun-69,Luhansk,Soviet Union,Ukraine,,,,,1,1994
Christophe Ohrel,Switzerland,7-Apr-68,Strasbourg,France,,France,France,,,1,1994
Nestor Subiat,Switzerland,23-Apr-66,Buenos Aires,Argentina,,Argentina,Argentina,,,1,1994
Thomas Dooley ,United States,5-Dec-61,Bechhofen,West Germany,,United States,Germany,,,1,1994
Hugo Pérez,United States,8-Nov-63,Morazán,El Salvador,,El Slavador,El Salvador,El Salvador,,1,1994
Earnie Stewart,United States,28-Mar-69,Veghel,Netherlands,,United States,Netherlands,,,1,1994
Tab Ramos,United States,21-Sep-66,Montevideo,Uruguay,,Uruguay,Uruguay,,,1,1994
Roy Wegerle,United States,19-Mar-64,Pretoria,South Africa,,South Africa,South Africa,,,1,1994
Frank Klopas,United States,1-Sep-66,Prosimna,Greece,,Greece,Greece,,,1,1994
Fernando Clavijo,United States,23-Jan-56,Maldonado,Uruguay,,Uruguay,Uruguay,,,1,1994
Ali El Khattabi,Morocco,17-Jan-77,Schiedam,Netherlands,,Morocco,Morocco,,,1,1998
Gharib Amzine,Morocco,3-May-73,Montbéliard,France,,Morocco,Morocco,,,1,1998
Espen Baardsen,Norway,7-Dec-77,San Rafael,United States,,Norway,Norway,,,1,1998
Neil Sullivan,Scotland,24-Feb-70,Sutton,England,,Scotland (?),Scotland (?),,,1,1998
Matt Elliott,Scotland,1-Nov-69,Wandsworth ,England,,England,England,England ,Scotland,1,1998
Jonathan Gould,Scotland,18-Jul-68,Paddington,England,,England,England,Scotland,,1,1998
Ivica Vastić,Austria,29-Sep-69,Split,SFR Yugoslavia,Croatia,Croatia,Croatia,Croatia,Croatia,1,1998
Joseph-Désiré Job,Cameroon,1-Dec-77,Vénissieux,France,,Cameroon,Cameroon,,,1,1998
Gordan Vidović,Belgium,23-Jun-68,Sarajevo ,FSR Yugoslavia,Bosnia and Herzegovina,Bosnia and Herzegovina,Bosnia and Herzegovina,,,1,1998
Luis Oliveira,Belgium,24-Mar-69,São Luis,Brazil,,Brazil,Brazil,,,1,1998
Mbo Mpenza,Belgium,4-Dec-76,Kinshasa,Zaire,Democratic Republic of the Congo,Democratic Republic of the Congo,Democratic Republic of the Congo,,,1,1998
Brian Laudrup,Denmark,22-Feb-69,Vienna,Austria,,Denmark,Denmark,,,1,1998
Roberto Acuña,Paraguay,25-Mar-72,Avellaneda,Argentina,,Argentina,Argentina,,,1,1998
Ricardo Rojas,Paraguay,26-Jan-71,Posadas,Argentina,,Argentina,Argentina,Paraguay,Paraguay,1,1998
Graeme Le Saux,England,17-Oct-68,Saint Helier,Jersey,,England ,England,France ,England,1,1998
Patrick Vieira,France,23-Jun-76,Dakar,Senegal,,Senegal,Cape Verde,Senegal / France,Senegal,1,1998
Marcel Desailly ,France,7-Sep-68,Accra,Ghana,,Ghana,Ghana,,,1,1998
Lilian Thuram,France,1-Jan-72,Pointe-à-Pitre,Guadeloupe,,Guadeloupe ,Guadeloupe,,,1,1998
Christian Karembeu,France,3-Dec-70,Lifou,New Caledonia,,New Caledonia,New Caledonia,,,1,1998
Jörg Heinrich,Germany,6-Dec-69,Rathenow,East Germany,Germany,,,,,1,1998
Ulf Kirsten,Germany,4-Dec-65,Riesa,East Germany,Germany,,,,,1,1998
Olaf Marschall,Germany,19-Mar-66,Torgau,East Germany,Germany,,,,,1,1998
Jens Jeremies,Germany,5-Mar-74,Görlitz,East Germany,Germany,,,,,1,1998
Roberto Di Matteo,Italy,29-May-70,Schaffhausen,Zwitserland,,Italy,Italy,,,1,1998
Clarence Seedorf,Netherlands,1-Apr-76,Paramaribo,Suriname,,Suriname,Suriname,,,1,1998
Edgar Davids,Netherlands,13-Mar-73,Paramaribo,Suriname,,Suriname / African (?),Suriname,,,1,1998
Aron Winter,Netherlands,1-Mar-67,Paramaribo,Suriname,,Suriname,Suriname ,China,,1,1998
Jimmy Floyd Hasselbaink,Netherlands,27-Mar-72,Paramaribo,Suriname,,Suriname,Suriname ,,,1,1998
Ivica Kralj,FR Yugoslavia,26-Mar-73,Kotor,SFR Yugoslavia,Montenegro,,,,,1,1998
Goran Đorović,FR Yugoslavia,11-Nov-71,Pristina,SFR Yugoslavia,Kosovo,,,,,1,1998
Branko Brnović,FR Yugoslavia,8 augustus 1967,Titograd,SFR Yugoslavia,Montenegro,,,,,1,1998
Dejan Savićević,FR Yugoslavia,15-Sep-66,Titograd,SFR Yugoslavia,Montenegro,,,,,1,1998
Predrag Mijatović,FR Yugoslavia,19-Jan-69,Titograd,SFR Yugoslavia,Montenegro,,,,,1,1998
Siniša Mihajlović,FR Yugoslavia,20-Feb-69,Vukovar,SFR Yugoslavia,Croatia,Serbia,Croatia,,,1,1998
Slobodan Komljenović,FR Yugoslavia,2-Jan-71,Frankfurt,West Germany,Germany,Serbia (?),Serbia (?),,,1,1998
Niša Saveljić,FR Yugoslavia,23-Feb-70,Titograd,SFR Yugoslavia,Montenegro,,,,,1,1998
Željko Petrović,FR Yugoslavia,13-Nov-65,Nikšić,SFR Yugoslavia,Montenegro,,,,,1,1998
Savo Milošević,FR Yugoslavia,2-Sep-73,Bijeljina,SFR Yugoslavia,Bosnia and Herzegovina,Serbia,Serbia,,,1,1998
Juan Antonio Pizzi,Spain,7-Jun-68,Santa Fe,Argentina,,Argentina,Argentina,,,1,1998
José Cláyton Menezes Ribeiro (José Clayton),Tunisia,21-Mar-74,São Luís,Brazil,,Brazil,Brazil,,,1,1998
Thomas Dooley (Captain),United States,5-Dec-61,Bechhofen,West Germany,Germany,United States,Germany,,,1,1998
David Regis,United States,2-Dec-68,La Trinité,Martinique,,Martinique (?),Martinique (?),,,1,1998
Roy Wegerle,United States,19-Mar-64,Pretoria,South Africa,,South Africa,South Africa,,,1,1998
Earnie Stewart,United States,28-Mar-69,Veghel,Netherlands,,United States,Netherlands,,,1,1998
Tab Ramos,United States,21-Sep-66,Montevideo,Uruguay,,Uruguay,Uruguay,,,1,1998
Jeff Agoos,United States,2-May-68,Geneva,Switzerland,,United States,Switzerland (?),,,1,1998
Predrag Radosavljević (Preki),United States,24-Jun-63,Belgrade,SFR Yugoslavia,Serbia,Serbia,Serbia,,,1,1998
Anthony Šerić,Croatia,15-Jan-79,Sydney,Australia,,Croatia ,Croatia ,,,1,1998
Goran Jurić,Croatia,5-Feb-63,Mostar,SFR Yugoslavia,Bosnia and Herzegovina,Bosnia and Herzegovina,Bosnia and Herzegovina,,,1,1998
Robert Prosinečki,Croatia,12-Jan-69,Schwenningen,West Germany,Germany,Croatia,Serbia,,,1,1998
Mario Stanić,Croatia,10-Apr-72,Sarajevo,SFR Yugoslavia,Bosnia and Herzegovina,Bosnia and Herzegovina,Bosnia and Herzegovina,,,1,1998
Ardian Kozniku,Croatia,27-Oct-67,Gjakova,SFR Yugoslavia,Kosovo,,,,,1,1998
Krunoslav Jurčić,Croatia,26-Nov-69,Grude,SFR Yugoslavia,Bosnia and Herzegovina,Croatia (?),Croatia (?),,,1,1998
Vladimir Vasilj,Croatia,6-Jul-75,Hannover,West Germany,Germany,Croatia,Croatia,,,1,1998
Fitzroy Simpson,Jamaica,26-Feb-70,Bradford on Avon,England,,Jamaica,Jamaica,,,1,1998
Marcus Gayle,Jamaica,27-Sep-70,Hammersmith,England,,Jamiaca,England,,,1,1998
Andy Williams,Jamaica,23-Sep-77,Toronto,Canada,,Jamaica,Jamaica,,,1,1998
Robbie Earle,Jamaica,27-Jan-65,Newcastle-under-Lyme,England,,Jamaica,Jamaica,,,1,1998
Deon Burton,Jamaica,25-Oct-76,Reading,England,,Jamaica,England,,,1,1998
Frank Sinclair,Jamaica,3-Dec-71,Lambeth,England,,Jamaica,Jamaica,,,1,1998
Darryl Powell,Jamaica,15-Nov-71,Lambeth,England,,Jamaica,Jamaica,,,1,1998
Paul Hall,Jamaica,3-Jul-72,Manchester,England,,Jamaica,Jamaica,,,1,1998
Wagner Lopes,Japan,29-Jan-69,Franca,Brazil,,Brazil,Brazil,,,1,1998
Branko Strupar,Belgium,9-Feb-70,Zagreb,SFR Yugoslavia,Croatia,,,,,1,2002
Mbo Mpenza,Belgium,4-Dec-76,Kinshasa,Zaire,Democratic Republic of the Congo,Democratic Republic of the Congo,Democratic Republic of the Congo,,,1,2002
Joseph-Désiré Job,Cameroon,1-Dec-77,Vénissieux,France,,Cameroon,Cameroon,,,1,2002
Anthony Šerić,Croatia,15-Jan-79,Sydney,Australia,,Croatia (?),Croatia (?),,,1,2002
Josip Šimunić,Croatia,18-Feb-78,Canberra,Australia,,Bosnia and Herzegovina,Bosnia and Herzegovina,Croatia (?),Croatia (?),1,2002
Stjepan Tomas,Croatia,6-Mar-76,Bugojno,SFR Yugoslavia,Bosnia and Herzegovina,Bosnia and Herzegovina,Bosnia and Herzegovina,,,1,2002
Boris Živković,Croatia,15-Nov-75,Živinice,SFR Yugoslavia,Bosnia and Herzegovina,Bosnia and Herzegovina,Bosnia and Herzegovina,,,1,2002
Robert Prosinečki,Croatia,12-Jan-69,Schwenningen,West Germany,Germany,Croatia,Serbia,,,1,2002
Niko Kovač ,Croatia,15-Oct-71,West-Berlin,West Germany,Germany,Bosnia and Herzegovina,Bosnia and Herzegovina,Croatia,Croatia,1,2002
Mario Stanić,Croatia,10-Apr-72,Sarajevo,SFR Yugoslavia,Bosnia and Herzegovina,Bosnia and Herzegovina,Bosnia and Herzegovina,,,1,2002
Robert Kovač,Croatia,6-Apr-74,West-Berlin,West Germany,Germany,Bosnia and Herzegovina,Bosnia and Herzegovina,Croatia,Croatia,1,2002
Vladimir Vasilj,Croatia,6-Jul-75,Hannover,West Germany,Germany,,,,,1,2002
Jesper Grønkjær,Denmark,12 augustus 1977,Nuuk,Greenland ,,,,,,1,2002
Jan Michaelsen,Denmark,28-Nov-70,Nantes ,France,,Denmark,Denmark (?),,,1,2002
Owen Hargreaves,England,20-Jan-81,Calgary ,Canada,,England,Wales,,,1,2002
Patrick Vieira,France,23-Jun-76,Dakar,Senegal,,Senegal,Cape Verde,Senegal / France,Senegal,1,2002
Claude Makélélé,France,18-Feb-73,Kinshasa,Zaire,Democratic Republic of the Congo,Democratic Republic of the Congo,,,,1,2002
Marcel Desailly (Captain),France,7-Sep-68,Accra,Ghana,,Ghana,Ghana,,,1,2002
Lilian Thuram,France,1-Jan-72,Pointe-à-Pitre,Guadeloupe,,Guadeloupe ,Guadeloupe,,,1,2002
Thomas Linke,Germany,26-Dec-69,Sömmerda,East Germany,Germany,,,,,1,2002
Marko Rehmer,Germany,29-Apr-72,East Berlin,East Germany,Germany,,,,,1,2002
Oliver Neuville,Germany,1-May-73,Locarno,Switzerland,,Germany,Italy,Belgium,,1,2002
Carsten Jancker,Germany,28 augustus 1974,Grevesmühlen,East Germany,Germany,,,,,1,2002
Miroslav Klose,Germany,9-Jun-78,Opole,Poland,,Germany,,,,1,2002
Michael Ballack (Captain),Germany,26-Sep-76,Görlitz,East Germany,Germany,,,,,1,2002
Gerald Asamoah,Germany,3-Oct-78,Mampong,Ghana,,Ghana,Ghana,,,1,2002
Jens Jeremies,Germany,5-Mar-74,Görlitz,East Germany,Germany,,,,,1,2002
Jörg Böhme,Germany,22-Jan-74,Hohenmölsen,East Germany,Germany,,,,,1,2002
Bernd Schneider,Germany,17-Nov-73,Jena ,East Germany,Germany,,,,,1,2002
Alessandro dos Santos (Alex),Japan,20-Jul-77,Maringá,Brazil,,Brazil,Brazil,,,1,2002
Gabriel Caballero,Mexico,5-Feb-71,Rosario,Argentina,,Argentina,Argentina,,,1,2002
Efe Sodje,Nigeria,5-Oct-72,Greenwhich,England,,Nigeria,Nigeria,,,1,2002
Roberto Acuña,Paraguay,25-Mar-72,Avellaneda,Argentina,,Argentina,Argentina,,,1,2002
Emmanuel Olisadebe,Poland,22-Dec-78,Warri,Nigeria,,Nigeria,Nigeria,,,1,2002
Abel Luís da Silva Costa Xavier (Abel Xavier),Portugal,30-Nov-72,Nampula,Mozambique,,Mozambique,Mozambique,,,1,2002
Armando Gonçalves Teixeira (Petit),Portugal,25-Sep-76,Strasbourg,France,,Portugal,Portugal,,,1,2002
Jason McAteer,Republic of Ireland,18-Jun-71,Tranmere,England,,England,England,Republic of Ireland,,1,2002
Matt Holland,Republic of Ireland,11-Apr-74,Bury,England,,England,England,,Republic of Ireland,1,2002
Kevin Kilbane,Republic of Ireland,1-Feb-77,Preston,England,,Republic of Ireland,Republic of Ireland,,,1,2002
David Connolly,Republic of Ireland,6-Jun-77,Willesden,England,,Republic of Ireland,Republic of Ireland,,,1,2002
Gary Breen,Republic of Ireland,12-Dec-73,Hendon,England,,Republic of Ireland,Republic of Ireland,,,1,2002
Dean Kiely,Republic of Ireland,10-Oct-70,Salford,England,,Republic of Ireland (?),Republic of Ireland (?),,,1,2002
Clinton Morrison,Republic of Ireland,14-May-79,Tooting,England,,Jamaica,Trinidad and Tobago (?),,Republic of Ireland,1,2002
Andrew O'Brien,Republic of Ireland,29-Jun-79,Harrogate,England,,Republic of Ireland ,Republic of Ireland,,,1,2002
Steven Reid,Republic of Ireland,10-Mar-81,Kingston upon Thames,England,,Jamaica,Republic of Ireland,Republic of Ireland,,1,2002
Lee Carsley,Republic of Ireland,28-Feb-74,Birmingham,England,,England,England,,Republic of Ireland,1,2002
Alan Kelly,Republic of Ireland,11 augustus 1968,Preston,England,,Republic of Ireland,,,,1,2002
Yuri Nikiforov,Russia,16-Sep-70,Odessa,Soviet Union,Estonia,,,,,1,2002
Viktor Onopko (Captain),Russia,14-Oct-69,Voroshilovgrad,Soviet Union,Ukraine,,,,,1,2002
Valery Karpin,Russia,2-Feb-69,Narva,Soviet Union,Ukraine,,,,,1,2002
Sergei Semak,Russia,27-Feb-76,Sychanskoye,Soviet Union,Ukraine,Ukraine,Ukraine,,,1,2002
Sylvain N'Diaye,Senegal,25-Jun-76,Paris,France,,France ,France,Senegal,Senegal (?),1,2002
Habib Beye,Senegal,19-Oct-77,Suresnes,France,,France ,Senegal,,,1,2002
Zoran Pavlović,Slovenia,27-Jun-76,Tuzla,SFR Yugoslavia,Bosnia and Herzegovina,,,,,1,2002
Amir Karić,Slovenia,31-Dec-73,Orahovica Donja,SFR Yugoslavia,Croatia,,,,,1,2002
George Koumantarakis,South Africa,27-Mar-74,Athens ,Greece,,Greece,Greece ,,,1,2002
Cha Du-ri,South Korea,25-Jul-80,Frankfurt am Main,West Germany,Germany,South Korea,,,,1,2002
Curro Torres,Spain,27-Dec-76,Ahlen,West Germany,Germany,Spain,Spain,,,1,2002
Tobias Linderoth,Sweden,21-Apr-79,Marseille ,France ,,Sweden,Sweden,,,1,2002
Selim Benachour,Tunisia,8-Sep-81,Paris,France,,Tunisia,Tunisia,,,1,2002
José Cláyton Menezes Ribeiro (José Clayton),Tunisia,21-Mar-74,São Luís,Brazil,,Brazil,Brazil,,,1,2002
Yıldıray Baştürk,Turkey,24-Dec-78,Herne,West Germany,Germany,Turkey,Turkey,,,1,2002
Muzzy Izzet,Turkey,31-Oct-74,Mile End,England,,Turkey ,England,,,1,2002
Tayfur Havutçu,Turkey,23-Apr-70,Hanau,West Germany,Germany,Turkey ,Turkey,,,1,2002
İlhan Mansız,Turkey,10 augustus 1975,Kempten ,West Germany,Germany,Turkey,Turkey,,,1,2002
Ümit Davala,Turkey,30-Jul-73,Mannheim,West Germany,Germany,Turkey ,Turkey,,,1,2002
Pablo Mastroeni,United States,29 augustus 1976,Mendoza,Argentina,,Argentina (?),Argentina (?),Italy (?),Italy (?),1,2002
David Regis,United States,2-Dec-68,La Trinité,Martinique,,,,,,1,2002
Earnie Stewart,United States,28-Mar-69,Veghel,Netherlands,,United States,Netherlands,,,1,2002
Jeff Agoos,United States,2-May-68,Geneva,Switzerland,,United States,Switzerland (?),,,1,2002
Carlos Llamosa,United States,30-Jun-69,Palmira,Colombia,,Colombia ,Colombia ,,,1,2002
Victor Núñez,Costa Rica,15-Apr-80,Santa Domingo,Dominican Republic,,Dominican Republic,,,,1,2006
Roberto Acuña,Paraguay,25-Mar-72,Avellaneda,Argentina,,Argentina,Argentina,,,1,2006
Owen Hargreaves,England,20-Jan-81,Calgary ,Canada,,England,Wales,,,1,2006
Shaka Hislop,Trinidad and Tobago,22-Feb-69,Hackney,England,,Trinidad and Tobago,Trinidad and Tobago,Trinidad and Tobago,,1,2006
Ian Cox,Trinidad and Tobago,25-Mar-71,Croydon,England,,Trinidad and Tobago (?),Trinidad and Tobago (?),,,1,2006
Chris Birchall,Trinidad and Tobago,5-May-84,Stattford ,England,,England,Trinidad and Tobago,,,1,2006
Jean-Alain Boumsong,France,14-Dec-79,Douala,Cameroon,,Cameroon,Cameroon,,,1,2006
Patrick Vieira,France,23-Jun-76,Dakar,Senegal,,Senegal,Cape Verde,Senegal / France,Senegal,1,2006
Claude Makélélé,France,18-Feb-73,Kinshasa,Zaire,Democratic Republic of the Congo,Democratic Republic of the Congo,,,,1,2006
Florent Malouda,France,13-Jun-80,Cayenne,French Guiana,Guiana,French Guiana,French Guiana,,,1,2006
Lilian Thuram,France,1-Jan-72,Pointe-à-Pitre,Guadeloupe,,Guadeloupe ,Guadeloupe,,,1,2006
Pascal Chimbonda,France,21-Feb-79,Les Abymes,Guadeloupe,,Guadeloupe ,Guadeloupe,,,1,2006
Emerse Faé,Ivory Coast,24-Jan-84,Nantes ,France,,Ivory Coast,Ivory Coast,,,1,2006
Abdoulaye Méïté,Ivory Coast,6-Oct-80,Paris ,France ,,Ivory Coast ,Ivory Coast,,,1,2006
Guy Demel,Ivory Coast,13-Jun-81,Orsay,France,,Ivory Coast,Ivory Coast,,,1,2006
Robert Huth,Germany,18 augustus 1984,Berlin ,East Germany,Germany,,,,,1,2006
Oliver Neuville,Germany,1-May-73,Locarno,Switzerland,,Germany,Italy,Belgium,,1,2006
Miroslav Klose,Germany,9-Jun-78,Opole,Poland,,Germany,,,,1,2006
Michael Ballack (Captain),Germany,26-Sep-76,Görlitz,East Germany,Germany,,,,,1,2006
Gerald Asamoah,Germany,3-Oct-78,Mampong,Ghana,,Ghana,Ghana,,,1,2006
Tim Borowski,Germany,2-May-80,Neubrandenburg,East Germany,Germany,,,,,1,2006
Bernd Schneider,Germany,17-Nov-73,Jena ,East Germany,Germany,,,,,1,2006
Lukas Podolski,Germany,4-Jun-85,Gliwice,Poland,,Poland,Poland ,Germany ,Germany,1,2006
Ivan Ergić,Serbia and Montenegro,21-Jan-81,Šibenik,SFR Yugoslavia,Croatia,Yugoslavia / Serbia,Yugoslavia / Serbia,,,1,2006
Ognjen Koroman,Serbia and Montenegro,19-Sep-78,Pale ,SFR Yugoslavia,Bosnia and Herzegovina,?,?,,,1,2006
Savo Milošević (Captain),Serbia and Montenegro,2-Sep-73,Bijeljina,SFR Yugoslavia,Bosnia and Herzegovina,Serbia ,Serbia,,,1,2006
Oliver Kovačević,Serbia and Montenegro,29-Dec-74,Split,SFR Yugoslavia,Croatia,?,?,,,1,2006
Mladen Krstajić,Serbia and Montenegro,4-Mar-74,Zenica,SFR Yugoslavia,Bosnia and Herzegovina,Montenegro,Bosnia and Herzegovina,,,1,2006
Danijel Ljuboja,Serbia and Montenegro,4-Sep-78,Vinkovci,SFR Yugoslavia,Croatia,Serbia,Serbia,,,1,2006
Ferydoon Zandi,Iran,26-Apr-79,Emden,West Germany,Germany,Iran,Germany,,,1,2006
Mauro Camoranesi,Italy,4-Oct-76,Tandil,Argentina,,Argentina,Argentina,Argentina,Argentina,1,2006
Simone Perrotta,Italy,17-Sep-77,Ashton-under-Lyne,England,,Italy,Italy,,,1,2006
Armando Gonçalves Teixeira (Petit),Portugal,25-Sep-76,Strasbourg,France,,Portugal,Portugal,,,1,2006
Deco,Portugal,27 augustus 1977,São Bernardo do Campo,Brazil,,Brazil,Brazil,,,1,2006
Otto Addo,Ghana,9-Jun-75,Hamburg,West Germany,Germany,Ghana,Ghana,,,1,2006
Antônio Naelson Matias (Sinha),Mexico,23-May-76,Itajá,Brazil,,Brazil,Brazil,,,1,2006
Guillermo Franco,Mexico,3-Nov-76,Corrientes,Argentina,,Argentina,Argentina,,,1,2006
Archie Thompson,Australia,23-Oct-78,Otorohanga,New Zealand,,New Zealand ,Papua New Guinea,,,1,2006
Mariano Pernía,Spain,4-May-77,Buenos Aires,Argentina,,Argentina ,Argentina ,,,1,2006
Marcos Senna,Spain,17-Jul-76,São Paulo,Brazil,,Brazail,Brazil,,,1,2006
Josip Šimunić,Croatia,18-Feb-78,Canberra,Australia,,Bosnia and Herzegovina,Bosnia and Herzegovina,Croatia (?),Croatia (?),1,2006
Robert Kovač,Croatia,6-Apr-74,West-Berlin,West Germany,Germany,Bosnia and Herzegovina,Bosnia and Herzegovina,Croatia,Croatia,1,2006
Niko Kovač (Captain),Croatia,15-Oct-71,West-Berlin,West Germany,Germany,Bosnia and Herzegovina,Bosnia and Herzegovina,Croatia,Croatia,1,2006
Mario Tokić,Croatia,23-Jun-75,Derventa,SFR Yugoslavia,Bosnia and Herzegovina,,,,,1,2006
Joey Didulica,Croatia,14-Oct-77,Geelong ,Australia,,Croatia,Croatia ,,,1,2006
Stjepan Tomas,Croatia,6-Mar-76,Bugojno,SFR Yugoslavia,Bosnia and Herzegovina,Bosnia and Herzegovina,Bosnia and Herzegovina,,,1,2006
Ivan Klasnić,Croatia,29-Jan-80,Hamburg,West Germany,Germany,Croatia,Croatia,,,1,2006
Anthony Šerić,Croatia,15-Jan-79,Sydney,Australia,,Croatia ,Croatia ,,,1,2006
Alessandro dos Santos (Alex),Japan,20-Jul-77,Maringá,Brazil,,,,,,1,2006
Tobias Linderoth,Sweden,21-Apr-79,Marseille ,France ,,Sweden,Sweden,,,1,2006
Johan Djourou,Switzerland,18-Jan-87,Abidjan,Ivory Coast,,Ivory Coast,Ivory Coast,,,1,2006
Blerim Džemaili,Switzerland,12-Apr-86,Tetovo,SFR Yugoslavia,Macedonia,Albania,Albania,,,1,2006
Valon Behrami,Switzerland,19-Apr-85,Titova Mitrovica,SFR Yugoslavia,Kosovo,Kosovo ,Kosovo,,,1,2006
Thomas Dossevi,Togo,6-Mar-79,Chambray-lès-Tours,France,,Togo,Togo,,,1,2006
Robert Malm,Togo,21 augustus 1973,Dunkerque,France,,,,,,1,2006
Éric Akoto,Togo,20-Jul-80,Accra,Ghana,,,,,,1,2006
Richmond Forson,Togo,23-May-80,Aflao,Ghana,,,,,,1,2006
Alaixys Romao,Togo,18-Jan-84,L'Haÿ-les-Roses,France,,,,,,1,2006
Ludovic Assemoassa,Togo,18-Sep-80,Lyon,France,,,,,,1,2006
Pablo Mastroeni,United States,29 augustus 1976,Mendoza,Argentina,,Argentina (?),Argentina (?),Italy (?),Italy (?),1,2006
Karim Essediri,Tunisia,29-Jul-79,Paris,France,,Tunisia (?),Tunisia (?),,,1,2006
Alaeddine Yahia,Tunisia,26-Sep-81,Colombes,France,,Tunisia (?),Tunisia (?),,,1,2006
Mehdi Nafti,Tunisia,28-Nov-78,Toulouse,France,,Tunisia,France (?),,,1,2006
Francileudo Santos,Tunisia,20-Mar-79,Zé Doca,Brazil,,Brazil (?),Brazil (?),,,1,2006
Adel Chedli,Tunisia,16-Sep-76,La Ricamarie,France,,Tunisia,Tunisia,,,1,2006
Chaouki Ben Saada,Tunisia,1-Jul-84,Bastia,France,,Tunisia,Tunisia,,,1,2006
David Jemmali,Tunisia,13-Dec-74,Toulouse,France,,Tunisia,Tunisia,,,1,2006
Hamed Namouchi,Tunisia,12-Jan-84,Cannes,France,,Tunisia,Tunisia,,,1,2006
Andriy Nesmachnyi,Ukraine,28-Feb-79,Bryansk,Soviet Union,Russia,Russia (?),Russia (?),,,1,2006
Artem Milevskyi,Ukraine,12-Jan-85,Minsk,Soviet Union,Belarus,Belarus (?),Belarus (?),,,1,2006
Vladyslav Vashchuk,Ukraine,2-Jan-75,Ashgabat,Soviet Union,Turkmenistan,Turkmenistan (?),Turkmenistan (?),,,1,2006
Madjid Bougherra ,Algeria,7-Oct-82,Longvic,France,,France,France,Algeria,,1,2010
Nadir Belhadj,Algeria,18-Jun-82,Saint-Claude,France,,Algeria,Algeria,,,1,2010
Antar Yahia (Captain),Algeria,21-Mar-82,Mulhouse ,France,,Algeria,Algeria,,,1,2010
Ryad Boudebouz,Algeria,19-Feb-90,Colmar,France,,Algeria,Algeria,,,1,2010
Medhi Lacen,Algeria,15-May-84,Paris,France,,Algeria,Italy,,,1,2010
Abdelkader Ghezzal,Algeria,5-Dec-84,Décines-Charpieu,France,,Algeria,Algeria,,,1,2010
Rafik Djebbour,Algeria,8-Mar-84,Grenoble ,France,,Algeria,Algeria,,,1,2010
Habib Bellaïd,Algeria,28-Mar-86,Bobigny,France,,Tunisia,Algeria,,,1,2010
Karim Matmour,Algeria,25-Jun-84,Strasbourg,France,,Algeria,Algeria,,,1,2010
Karim Ziani,Algeria,17 augustus 1982,Sèvres,France,,Algeria,France,,,1,2010
Adlène Guedioura,Algeria,12-Nov-85,La Roche-sur-Yon,France,,Algeria,Algeria /Spain,Spain,,1,2010
Carl Medjani,Algeria,15-May-85,Lyon,France,,Algeria,France,,,1,2010
Hassan Yebda,Algeria,14-May-84,Saint-Maurice,France,,Algeria,Algeria,,,1,2010
Foued Kadir,Algeria,5-Dec-83,Martigues,France,,Algeria,Algeria,,,1,2010
Djamel Abdoun,Algeria,14-Feb-86,Montreuil,France,,Algeria,Algeria,,,1,2010
Raïs M'Bolhi,Algeria,25-Apr-86,Paris,France,,Congo,Algeria,,,1,2010
Yazid Mansouri,Algeria,25-Feb-78,Revin ,France,,Algeria,Algeria,,,1,2010
Gonzalo Higuaín,Argentina,10-Dec-87,Brest,France,,Argentina,,,,1,2010
Nikita Rukavytsya,Australia,22-Jun-87,Mykolayiv,Ukraine,,Ukraine,Ukraine,,,1,2010
Dario Vidošić,Australia,8-Apr-87,Osijek,SFR Yugoslavia,Croatia,Croatia,Croatia,,,1,2010
Benoît Assou-Ekotto,Cameroon,24-Mar-84,Arras,France,,Cameroon,France,,,1,2010
Sébastien Bassong,Cameroon,9-Jul-86,Paris,France,,Cameroon,Cameroon,,,1,2010
Eric Maxim Choupo-Moting,Cameroon,23-Mar-89,Altona,West Germany,,Cameroon,Germany,,,1,2010
Joël Matip,Cameroon,8 augustus 1991,Bochum,Germany,,Cameroon,Germany,,,1,2010
Jorge Valdivia,Chile,19-Oct-83,Maracay,Venezuela,,Chile ,Chile,,,1,2010
Mark González,Chile,10-Jul-84,Durban ,South Africa,,Chile ,Chile,,,1,2010
Matías Fernández,Chile,15-May-86,Caballito,Argentina,,Chile,Argentina,,,1,2010
Jesper Grønkjær,Denmark,12 augustus 1977,Nuuk,Greenland ,,,,,,1,2010
Patrice Evra (Captain),France,15-May-81,Dakar,Senegal,,Guinea,Cape Verde,,,1,2010
Steve Mandanda,France,28-Mar-85,Kinshasa,Congo,,Congo,Congo,,,1,2010
Florent Malouda,France,13-Jun-80,Cayenne,French Guiana,Guiana,French Guiana,French Guiana,,,1,2010
Miroslav Klose,Germany,9-Jun-78,Opole,Poland,,Germany ,,,,1,2010
Piotr Trochowski,Germany,22-Mar-84,Tczew,Poland,,Poland,Poland ,Germany ,Germany,1,2010
Cacau,Germany,27-Mar-81,Santo André,Brazil,,Brazil,Brazil,,,1,2010
Marko Marin,Germany,13-Mar-89,Bosanska Gradiška,SFR Yugoslavia,Bosnia and Herzegovina,Bosnia and Herzegovina,Bosnia and Herzegovina,,,1,2010
Lukas Podolski,Germany,4-Jun-85,Gliwice,Poland,,Poland,Poland ,Germany ,Germany,1,2010
Toni Kroos,Germany,4-Jan-90,Greifswald,East Germany,Germany,,,,,1,2010
André Ayew,Ghana,17-Dec-89,Seclin,France,,Ghana,Ghana,,,1,2010
Quincy Owusu-Abeyie,Ghana,15-Apr-86,Amsterdam,Netherlands,,Ghana,Ghana,,,1,2010
Kevin-Prince Boateng,Ghana,6-Mar-87,Berlin,West Germany,Germany,Ghana,Germany,,,1,2010
Avraam Papadopoulos,Greece,3-Dec-84,Melbourne,Australia,,Greece,Greece,,,1,2010
Loukas Vyntra,Greece,5-Feb-81,Město Albrechtice,Czechoslovakia,Czech Republic,Czech Republic,Greece,,,1,2010
Sotiris Ninis,Greece,3-Apr-90,Himara,Albania,,Greece,Greece,,,1,2010
Mauro Camoranesi,Italy,4-Oct-76,Tandil,Argentina,,Argentina,Argentina,Argentina,Argentina,1,2010
Sol Bamba,Ivory Coast,13-Jan-85,Ivry-sur-Seine,France,,Ivory Coast ,Ivory Coast,,,1,2010
Guy Demel,Ivory Coast,13-Jun-81,Orsay,France,,Ivory Coast,Ivory Coast,,,1,2010
Marcus Tulio Tanaka,Japan,24-Apr-81,Palmeira d'Oeste,Brazil,,Japan-Brazil,Italy-Brazil,,,1,2010
Guillermo Franco,Mexico,3-Nov-76,Corrientes,Argentina,,Argentina (?),Argentina (?),,,1,2010
Edson Braafheid,Netherlands,8-Apr-83,Paramaribo,Suriname,,Suriname ,Suriname,,,1,2010
Tommy Smith,New Zealand,31-Mar-90,Macclesfield,England,,England ,England,,,1,2010
Shane Smeltz,New Zealand,29-Sep-81,Göppingen,West Germany,Germany,Germany,Germany,,,1,2010
Tim Brown,New Zealand,6-Mar-81,Congleton,England,,New Zealand (?),New Zealand (?),,,1,2010
David Mulligan,New Zealand,24-Mar-82,Fazakerley,England,,New Zealand (?),New Zealand (?),,,1,2010
Peter Odemwingie,Nigeria,15-Jul-81,Tashkent,Soviet Union,Uzbekistan,Nigeria,Russia,,,1,2010
Jong Tae-se,North Korea,2-Mar-84,Nagoya,Japan,,North Korea,North Korea,,,1,2010
An Yong-hak,North Korea,25-Oct-78,Kurashiki ,Japan,,North Korea,North Korea,,,1,2010
Jonathan Santana,Paraguay,19-Oct-81,Buenos Aires ,Argentina,,Argentina,Paraguay,,,1,2010
Lucas Barrios,Paraguay,13-Nov-84,San Fernando,Argentina,,Argentina,Paraguay,,,1,2010
Néstor Ortigoza,Paraguay,7-Oct-84,San Antonio de Padua,Argentina,,Paraguay,Argentina,,,1,2010
Rolando Jorge Pires da Fonseca (Rolando),Portugal,31 augustus 1985,São Vicente,Cape Verde,,Cape Verde (?),Cape Verde,,,1,2010
Liédson da Silva Muniz (Liédson),Portugal,17-Dec-77,Cairu,Brazil,,Brazil,Brazil,,,1,2010
Képler Laveran Lima Ferreira (Pepe),Portugal,26-Feb-83,Maceió,Brazil,,Brazil,Brazil,,,1,2010
Anderson Luís de Souza (Deco),Portugal,27 augustus 1977,São Bernardo do Campo,Brazil,,Brazil,Brazil,,,1,2010
Daniel Miguel Alves Gomes (Danny),Portugal,7 augustus 1983,Caracas,Venezuela,,Portugal,Portugal,,,1,2010
Daniel Fernandes,Portugal,25-Sep-83,Edmonton,Canada,,Portugal,Czechoslovakia,,,1,2010
Miloš Krasić,Serbia,1-Nov-84,Bačka Topola,SFR Yugoslavia,Kosovo,Serbia,Serbia,,,1,2010
Neven Subotić,Serbia,10-Dec-88,Banja Luka,SFR Yugoslavia,Bosnia and Herzegovina,Serbia,Bosnia and Herzegovina,,,1,2010
Zdravko Kuzmanović,Serbia,22-Sep-87,Thun,Switzerland,,Bosnia and Herzegovina,Serbia,,,1,2010
Zlatko Dedić,Slovenia,10-May-84,Bihać,SFR Yugoslavia,Bosnia and Herzegovina,,,,,1,2010
Bongani Khumalo,South Africa,6-Jan-87,Manzini,Swaziland,,Swaziland,Swaziland,,,1,2010
Cha Du-ri,South Korea,25-Jul-80,Frankfurt am Main,West Germany,Germany,South Korea,,,,1,2010
Blaise Nkufo,Switzerland,25-May-75,Kinshasa,Zaire ,Democratic Republic of the Congo,Democratic Republic of the Congo,Democratic Republic of the Congo,,,1,2010
Valon Behrami,Switzerland,19-Apr-85,Titova Mitrovica,SFR Yugoslavia,Kosovo,Kosovo ,Kosovo,,,1,2010
Gelson Fernandes,Switzerland,2-Sep-86,Praia,Cape Verde,,Cape Verde ,Cape Verde,,,1,2010
Albert Bunjaku,Switzerland,29-Nov-83,Gjilan,SFR Yugoslavia,Kosovo,Kosovo,Kosovo,,,1,2010
Xherdan Shaqiri,Switzerland,10-Oct-91,Gnjilane,SFR Yugoslavia,Kosovo,Kosovo / Albania,Kosovo / Albania,,,1,2010
Stuart Holden,United States,1 augustus 1985,Cults,Scotland,,Scotland,Scotland,,,1,2010
Benny Feilhaber,United States,19-Jan-85,Rio de Janeiro,Brazil,,Brazil,Brazil,Austria,,1,2010
Fernando Muslera,Uruguay,16-Jun-86,Buenos Aires,Argentina,,Uruguay,Uruguay,,,1,2010
Cédric Si Mohamed,Algeria,9-Jan-85,Roanne ,France,,Algeria,France,,,1,2014
Madjid Bougherra (Captain),Algeria,7-Oct-82,Longvic,France,,France,France,Algeria,,1,2014
Hassan Yebda,Algeria,14-May-84,Saint-Maurice,France,,Algeria,Algeria,,,1,2014
Yacine Brahimi,Algeria,8-Feb-90,Paris,France,,Algeria,Algeria,,,1,2014
Carl Medjani,Algeria,15-May-85,Lyon,France,,Algeria,France,,,1,2014
Nabil Bentaleb,Algeria,24-Nov-94,Lille,France,,Algeria,Algeria,,,1,2014
Aïssa Mandi,Algeria,22-Oct-91,Châlons-en-Champagne,France,,Algeria,Algeria,,,1,2014
Mehdi Mostefa,Algeria,30 augustus 1983,Dijon,France,,Algeria,France,,,1,2014
Nabil Ghilas,Algeria,20-Apr-90,Marseille,France,,Algeria,Algeria,,,1,2014
Sofiane Feghouli,Algeria,26-Dec-89,Levallois-Perret,France,,Algeria,Algeria,,,1,2014
Faouzi Ghoulam,Algeria,1-Feb-91,Saint-Priest-en-Jarez,France,,Algeria,Algeria,,,1,2014
Raïs M'Bolhi,Algeria,25-Apr-86,Paris,France,,Congo,Algeria,,,1,2014
Medhi Lacen,Algeria,15-May-84,Paris,France,,Algeria,Italy,,,1,2014
Liassine Cadamuro-Bentaïba,Algeria,5-Mar-88,Toulouse,France,,Italy,Algeria,,,1,2014
Riyad Mahrez,Algeria,21-Feb-91,Sarcelles,France,,Algeria,Algeria / Morocco,,,1,2014
Saphir Taïder,Algeria,29-Feb-92,Castres,France,,Tunisia,Algeria,,,1,2014
Gonzalo Higuaín,Argentina,10-Dec-87,Brest,France,,Argentina,,,,1,2014
Dario Vidošić,Australia,8-Apr-87,Osijek,SFR Yugoslavia,Croatia,Croatia,Croatia,,,1,2014
Anthony Vanden Borre,Belgium,24-Oct-87,Likasi,Congo,,Belgium,Congo,,,1,2014
Mensur Mujdža,Bosnia and Herzegovina,28-Mar-84,Zagreb,SFR Yugoslavia,Croatia,Bosnia and Herzegovina,Bosnia and Herzegovina,,,1,2014
Emir Spahić (Captain),Bosnia and Herzegovina,18 augustus 1980,Dubrovnik,SFR Yugoslavia,Croatia,Serbia,Bosnia and Herzegovina,,,1,2014
Muhamed Bešić,Bosnia and Herzegovina,10-Sep-92,Berlin,Germany,,Bosnia and Herzegovina,Bosnia and Herzegovina,,,1,2014
Zvjezdan Misimović,Bosnia and Herzegovina,5-Jun-82,Munich,Germany,,Bosnia and Herzegovina,Bosnia and Herzegovina,,,1,2014
Sead Kolašinac,Bosnia and Herzegovina,20-Jun-93,Karlsuhe,Germany,,Montenegro,Bosnia and Herzegovina,Montenegro,Montenegro,1,2014
Izet Hajrović,Bosnia and Herzegovina,4 augustus 1991,Brugg,Switzerland,,Bosnia and Herzegovina,Bosnia and Herzegovina,,,1,2014
Benoît Assou-Ekotto,Cameroon,24-Mar-84,Arras,France,,Cameroon,France,,,1,2014
Charles Itandje,Cameroon,2-Nov-82,Bobigny,France,,Cameroon,Cameroon,,,1,2014
Allan-Roméo Nyom,Cameroon,10-May-88,Neuilly-sur-Seine,France,,Cameroon,Cameroon,,,1,2014
Eric Maxim Choupo-Moting,Cameroon,23-Mar-89,Altona,West Germany,Germany,Cameroon,Germany,,,1,2014
Joël Matip,Cameroon,8 augustus 1991,Bochum,Germany,,Cameroon,Germany,,,1,2014
Miiko Albornoz,Chile,30-Nov-90,Stockholm,Sweden,,Chile ,Finland,,,1,2014
Jorge Valdivia,Chile,19-Oct-83,Maracay,Venezuela,,Chile ,Chile,,,1,2014
Óscar Duarte,Costa Rica,3-Jun-89,Catarina,Nicaragua,,Nicaragua,Nicaragua,,,1,2014
Mateo Kovačić,Croatia,6-May-94,Linz,Austria,,Bosnia and Herzegovina,Bosnia and Herzegovina,,,1,2014
Vedran Ćorluka,Croatia,5-Feb-86,Derventa,SFR Yugoslavia,Bosnia and Herzegovina,Bosnia and Herzegovina,Bosnia and Herzegovina,,,1,2014
Dejan Lovren,Croatia,5-Jul-89,Zenica,SFR Yugoslavia,Bosnia and Herzegovina,Croatia,Croatia,,,1,2014
Nikica Jelavić,Croatia,27 augustus 1985,Čapljina,SFR Yugoslavia,Bosnia and Herzegovina,,,,,1,2014
Jorge Sammir Cruz Campos (Sammir),Croatia,23-Apr-87,Itabuna,Brazil,,Brazil,Brazil,,,1,2014
Eduardo Alves da Silva (Eduardo or Dudu),Croatia,25-Feb-83,Rio de Janeiro,Brazil,,Brazil,Brazil,,,1,2014
Ivan Rakitić,Croatia,10-Mar-88,Möhlin,Switzerland,,Croatia,Bosnia and Herzegovina,,,1,2014
Raheem Sterling,England,8-Dec-94,Kingston,Jamaica,,Jamaica,Jamaica,,,1,2014
Rio Mavuba,France,8-Mar-84,Born at sea,NONE,,Zaire,Angola,,,1,2014
Patrice Evra,France,15-May-81,Dakar,Senegal,,Guinea,Cape Verde,,,1,2014
Miroslav Klose,Germany,9-Jun-78,Opole,Poland,,Germany,,,,1,2014
Lukas Podolski,Germany,4-Jun-85,Gliwice,Poland,,Poland,Poland ,Germany ,Germany,1,2014
Toni Kroos,Germany,4-Jan-90,Greifswald,East Germany,Germany,,,,,1,2014
Albert Adomah,Ghana,13-Dec-87,London,England,,,,,,1,2014
André Ayew,Ghana,17-Dec-89,Seclin,France,,Ghana,Ghana,,,1,2014
Jordan Ayew,Ghana,11-Sep-91,Marseille ,France ,,Ghana,Ghana,,,1,2014
Kevin-Prince Boateng,Ghana,6-Mar-87,Berlin,West Germany,Germany,Ghana,Germany,,,1,2014
Adam Kwarasey,Ghana,12-Dec-87,Oslo,Norway,,Ghana,Norway,,,1,2014
Panagiotis Kone,Greece,26-Jul-87,Tirana,Albania,,Albania ,Albania,,,1,2014
Loukas Vyntra,Greece,5-Feb-81,Město Albrechtice,Czechoslovakia,Czech Republic,Czech Republic,Greece,,,1,2014
José Holebas,Greece,27-Jun-84,Aschaffenburg,West Germany,Germany,Greece,Uruguay,,,1,2014
Daniel Davari,Iran,6-Jan-88,Gießen,West Germany,Germany,Iran,Poland /Germany,,,1,2014
Steven Beitashour,Iran,1-Feb-87,San Jose,United States,,Iran,Iran,,,1,2014
Gabriel Paletta,Italy,15-Feb-86,Buenos Aires,Argentina,,Argentina,Argentina,Italy,,1,2014
Thiago Motta,Italy,28 augustus 1982,São Bernardo do Campo,Brazil,,Brazil,Brazil,Italy,,1,2014
Jean-Daniel Akpa-Akpro,Ivory Coast,11-Oct-92,Toulouse,France,,Ivory Coast ,Ivory Coast ,,,1,2014
Giovanni Sio,Ivory Coast,31-Mar-89,Saint-Sébastien-sur-Loire,France,,Ivory Coast ,Ivory Coast,,,1,2014
Sol Bamba,Ivory Coast,13-Jan-85,Ivry-sur-Seine,France,,Ivory Coast ,Ivory Coast,,,1,2014
Mathis Bolly,Ivory Coast,14-Nov-90,Oslo,Norway,,Ivory Coast ,Norway,,,1,2014
Gōtoku Sakai,Japan,14-Mar-91,New York City,United States,,Japan,Germany,,,1,2014
Miguel Ángel Ponce,Mexico,12-Apr-89,Sacramento,United States,,Mexico,Mexico,,,1,2014
Jonathan de Guzmán,Netherlands,13-Sep-87,Scarborough,Canada,,Philippines,Jamaica,,,1,2014
Bruno Martins Indi,Netherlands,8-Feb-92,Barreiro,Portugal,,Guinea-Bissau,Guinea-Bissau,,,1,2014
Terence Kongolo,Netherlands,14-Feb-94,Fribourg,Switzerland,,Democratic Republic of Congo,Democratic Republic of Congo,,,1,2014
Peter Odemwingie,Nigeria,15-Jul-81,Tashkent,Soviet Union,Uzbekistan,Nigeria,Russia,,,1,2014
William Carvalho,Portugal,7-Apr-92,Luanda,Angola,,Angola,Angola,,Angola,1,2014
Képler Laveran Lima Ferreira (Pepe),Portugal,26-Feb-83,Maceió,Brazil,,Brazil,Brazil,,,1,2014
Nani,Portugal,17-Nov-86,Praia,Cape Verde,,Cape Verde,Cape Verde,,,1,2014
Éder,Portugal,22-Dec-87,Bissau,Guinea-Bissau,,Guinea-Bissau,Guinea-Bissau,,,1,2014
Diego da Silva Costa (Diego Costa),Spain,7-Oct-88,Lagarto,Brazil,,Brazil,Brazil,,,1,2014
Gelson Fernandes,Switzerland,2-Sep-86,Praia,Cape Verde,,Cape Verde,Cape Verde,,,1,2014
Johan Djourou,Switzerland,18-Jan-87,Abidjan,Ivory Coast,,Ivory Coast ,Ivory Coast,,,1,2014
Xherdan Shaqiri,Switzerland,10-Oct-91,Gnjilane,SFR Yugoslavia,Kosovo,Kosovo / Albania,Kosovo / Albania,,,1,2014
Valon Behrami,Switzerland,19-Apr-85,Titova Mitrovica,SFR Yugoslavia,Kosovo,Kosovo ,Kosovo,,,1,2014
Blerim Džemaili,Switzerland,12-Apr-86,Tetovo,SFR Yugoslavia,Macedonia,Albania,Albania,,,1,2014
Admir Mehmedi,Switzerland,16-Mar-91,Gostivar,SFR Yugoslavia,Macedonia,Albania,Albania,,,1,2014
John Brooks,United States,28-Jan-93,Berlin,Germany,,United States,United States,,,1,2014
Mikel (Mix) Diskerud,United States,2-Oct-90,Oslo,Norway,,Norway,United States,,,1,2014
Jermaine Jones,United States,3-Nov-81,Frankfurt am Main,West Germany,Germany,United States,Germany,,,1,2014
Timothy Chandler,United States,29-Mar-90,Frankfurt am Main,West Germany,Germany,United States,Germany,,,1,2014
Fabian Johnson,United States,11-Dec-87,Munich,West Germany,Germany,United States ,Germany ,,,1,2014
Fernando Muslera,Uruguay,16-Jun-86,Buenos Aires,Argentina,,Uruguay,Uruguay,,,1,2014
Samy Sayed Morsy (Sam Morsy),Egypt,10/9/1991,Wolverhampton,England,,Egypt,England,,,1,2018
Mário Figueira Fernandes (Mário Fernandes),Russia,19/09/1990,São Caetano do Sul,Brazil,,Brazil,Brazil,,,1,2018
Fernando Muslera,Uruguay,16-Jun-86,Buenos Aires,Argentina,,Uruguay,Uruguay,,,1,2018
Saman Ghoddos,Iran,6/9/1993,Malmö,Sweden,,Iran,Iran,,,1,2018
Yassine Bounou (Bono),Morocco,5/4/1991,Montreal,Canada,,Morocco,Morocco,,,1,2018
Achraf Hakimi,Morocco,4/11/1998,Madrid,Spain,,Morocco,Morocco,,,1,2018
Manuel Marouane da Costa Trindade Senoussi (Manuel da Costa),Morocco,6-May-86,Saint-Max,France,,Portugal,Morocco,,,1,2018
Medhi Amine El Mouttaqi Benatia (Medhi Benatia  captain),Morocco,17/04/1987,Courcouronnes,France,,Morocco,Algeria,,,1,2018
Romain Saïss,Morocco,26-Mar-90,Bourg-de-Péage,France,,Morocco,Morocco,,,1,2018
Hakim Ziyech,Morocco,19-Mar-93,Dronten,Netherlands,,Morocco,Morocco,,,1,2018
Karim El Ahmadi,Morocco,27-Jan-85,Enschede,Netherlands,,Morocco,Morocco,,,1,2018
Younès Belhanda,Morocco,25-Feb-90,Avignon,France,,Morocco,Morocco,,,1,2018
Fayçal Fajr,Morocco,1/8/1988,Rouen,France,,Morocco,Morocco,,,1,2018
Munir Mohamedi (Mounir El Kajoui),Morocco,10-May-89,Melilla,Spain,,Morocco,Morocco,,,1,2018
Khalid Boutaïb,Morocco,24/04/1987,Bagnols-sur-Cèze,France,,Morocco,Morocco,,,1,2018
"Moubarak ""Mbark"" Boussoufa ",Morocco,15/08/1984,Amsterdam ,Netherlands,,Morocco,Morocco,,,1,2018
Youssef Aït Bennasser,Morocco,7-Jul-96,Toul,France,,Morocco,Morocco,,,1,2018
"Noureddine ""Nordin"" Amrabat",Morocco,31-Mar-87,Naarden,Netherlands,,Morocco,Morocco,,,1,2018
Amine Harit,Morocco,18-Jun-97,Pontoise,France,,Morocco,Morocco,,,1,2018
Sofyan Amrabat,Morocco,21/08/1996,Huizen,Netherlands,,Morocco,Morocco,,,1,2018
Mehdi François Carcela-González (Mehdi Carcela),Morocco,1-Jul-89,Liège,Belgium,,Spain,Morocco,,,1,2018
Képler Laveran Lima Ferreira (Pepe),Portugal,26-Feb-83,Maceió,Brazil,,Brazil,Brazil,,,1,2018
Raphaël Guerreiro,Portugal,22/12/1993,Le Blanc-Mesnil,France,,Portugal,France,,,1,2018
Anthony Lopes,Portugal,1-Oct-90,Givors,France,,Portugal,Portugal,,,1,2018
William Carvalho,Portugal,7/4/1992,Luanda,Angola,,Angola,Angola,,Angola,1,2018
Gelson Martins,Portugal,11-May-95,Praia,Cape Verde,,Cape Verde,Cape Verde,,,1,2018
Cédric Ricardo Alves Soares (Cédric),Portugal,31/08/1991,Singen,Germany,,Portugal,Portugal,,,1,2018
Adrien Sébastien Perruchet da Silva (Adrien Silva),Portugal,15-Mar-89,Angoulême,France,,Portugal,France,,,1,2018
Rodrigo Moreno Machado (Rodrigo0,Spain,6-Mar-91,Rio de Janeiro,Brazil,,Brazil,Brazil (?),,,1,2018
Thiago Alcántara do Nascimento (Thiago),Spain,11/4/1991,San Pietro Vernotico,Italy,,Brazil ,Brazil,,,1,2018
Diego da Silva Costa (Diego Costa),Spain,7-Oct-88,Lagarto,Brazil,,Brazil,Brazil,,,1,2018
Milos Degenek,Australia,28/04/1994,Knin,Croatia,,Serbia,Serbia,,,1,2018
Daniel Arzani,Australia,4-Jan-99,Khorramabad,Iran,,Iran,Iran,,,1,2018
Pione Sisto Ifolo Emirmija (Pione Sisto),Denmark,4-Feb-95,Kampala,Uganda,,South Sudan,South Sudan,,,1,2018
Samuel Umtiti,France,14/11/1993,Yaoundé,Cameroon,,Cameroon,Cameroon,,,1,2018
Thomas Lemar,France,12/11/1995,Baie-Mahault,Guadeloupe,,Guadeloupe,Guadeloupe,,,1,2018
Steve Mandanda,France,28-Mar-85,Kinshasa,Congo,,Congo,Congo,,,1,2018
Gonzalo Higuaín,Argentina,10/12/1987,Brest,France,,Argentina,,,,1,2018
Vedran Ćorluka,Croatia,5-Feb-86,Derventa,SFR Yugoslavia,Bosnia and Herzegovina,Bosnia and Herzegovina,Bosnia and Herzegovina,,,1,2018
Dejan Lovren,Croatia,5-Jul-89,Zenica,SFR Yugoslavia,Bosnia and Herzegovina,Croatia,Croatia,,,1,2018
Ivan Rakitić,Croatia,10-Mar-88,Möhlin,Switzerland,,Croatia,Bosnia and Herzegovina,,,1,2018
Mateo Kovačić,Croatia,6-May-94,Linz,Austria,,Bosnia and Herzegovina,Bosnia and Herzegovina,,,1,2018
Frederik Schram,Iceland,19-Jan-95,Dragør,Denmark,,Denmark,Iceland,,,1,2018
Kári Árnason,Iceland,13-Oct-82,Gothenburg,Sweden,,Iceland,Iceland,,,1,2018
Brian Idowu,Nigeria,18-May-92,Saint Petersburg,Russia,,Nigeria,Nigeria / Russia,Nigeria / Nigeria,Nigeria / Russia (Olga),1,2018
William Troost-Ekong,Nigeria,1/9/1993,Haarlem,Netherlands,,Nigeria,Netherlands,,,1,2018
Leon Balogun,Nigeria,28-Jun-88,West Berlin,West Germany,Germany,Nigeria,Germany,,,1,2018
Tyronne Ebuehi,Nigeria,16/12/1995,Haarlem,Netherlands,,Nigeria,Netherlands,,,1,2018
Óscar Duarte,Costa Rica,3-Jun-89,Catarina,Nicaragua,,Nicaragua,Nicaragua,,,1,2018
Aleksandar Prijović,Serbia,21/04/1990,Sankt Gallen,Switzerland,,Serbia ,Serbia,,,1,2018
Miloš Veljković,Serbia,26/09/1995,Basel,Switzerland,,Serbia,Serbia,,,1,2018
Milan Rodić,Serbia,2/4/1991,Drvar,SFR Yugoslavia,Bosnia and Herzegovina,Serbia,Serbia,,,1,2018
Luka Jović,Serbia,23/12/1997,Bijeljina,Bosnia and Herzegovina,,,,,,1,2018
Sergej Milinković-Savić,Serbia,27-Feb-95,Lleida,Spain,,Serbia,Serbia,,,1,2018
François Moubandje,Switzerland,21-Jun-90,Douala,Cameroon,,Cameroon,Cameroon,,,1,2018
Breel Embolo,Switzerland,14-Feb-97,Yaoundé,Cameroon,,Cameroon,Cameroon,,,1,2018
Valon Behrami,Switzerland,19/04/1985,Titova Mitrovica,SFR Yugoslavia,Kosovo,Kosovo ,Kosovo,,,1,2018
Yvon Landry Mvogo Nganoma (Yvon Mvogo),Switzerland,6-Jun-94,Yaoundé,Cameroon,,Cameroon,Cameroon,,,1,2018
Blerim Džemaili,Switzerland,12/4/1986,Tetovo,SFR Yugoslavia,Macedonia,Albania,Albania,,,1,2018
Gelson Fernandes,Switzerland,2/9/1986,Praia,Cape Verde,,Cape Verde,Cape Verde,,,1,2018
Johan Djourou,Switzerland,18-Jan-87,Abidjan,Ivory Coast,,Ivory Coast ,Ivory Coast,,,1,2018
Xherdan Shaqiri,Switzerland,10-Oct-91,Gnjilane,SFR Yugoslavia,Kosovo,Kosovo / Albania,Kosovo / Albania,,,1,2018
Toni Kroos,Germany,4-Jan-90,Greifswald,East Germany,Germany,,,,,1,2018
Raheem Sterling,England,8/12/1994,Kingston,Jamaica,,Jamaica,Jamaica,,,1,2018
Syam Ben Youssef,Tunisia,31-Mar-89,Marseille,France,,Tunisia,Tunisia,,,1,2018
Yohan Benalouane,Tunisia,28-Mar-87,Bagnols-sur-Cèze,France,,Tunisia,,,,1,2018
Saîf-Eddine Khaoui,Tunisia,27/04/1995,Paris,France,,Tunisia,Tunisia,,,1,2018
Anice Badri,Tunisia,18/09/1990,Lyon,France,,Tunisia,Tunisia,,,1,2018
Wahbi Khazri,Tunisia,8-Feb-91,Ajaccio,France,,Tunisia,Tunisia,,,1,2018
Dylan Bronn,Tunisia,19-Jun-95,Cannes,France,,France,Tunisia,,,1,2018
Ellyes Skhiri,Tunisia,10-May-95,Lunel,France,,Tunisia,Tunisia,,,1,2018
Mouez Hassen,Tunisia,5-Mar-95,Fréjus,France,,Tunisia,Tunisia,,,1,2018
Naïm Sliti,Tunisia,27-Jul-92,Marseille,France,,Tunisia,Tunisia,,,1,2018
Gōtoku Sakai,Japan,14-Mar-91,New York City,United States,,Japan,Germany,,,1,2018
Thiago Cionek,Poland,21/04/1986,Curitiba,Brazil,,Brazil,Brazil,Poland,Poland,1,2018
Abdoulaye Diallo,Senegal,30-Mar-92,Reims,France,,Senegal,Senegal,,,1,2018
Kalidou Koulibaly,Senegal,20-Jun-91,Saint-Dié-des-Vosges,France,,Senegal,Senegal,,,1,2018
Salif Sané,Senegal,25/08/1990,Lormont,France,,Senegal,Senegal,,,1,2018
Moussa Sow,Senegal,19-Jan-86,Mantes-la-Jolie,France,,Senegal,Senegal,,,1,2018
Youssouf Sabaly,Senegal,5-Mar-93,Le Chesnay,France,,Senegal,Senegal,,,1,2018
Alfred N'Diaye,Senegal,6-Mar-90,Paris,France,,Senegal,Senegal,,,1,2018
M'Baye Niang,Senegal,19/12/1994,Meulan-en-Yvelines,France,,Senegal,Senegal,,,1,2018
Keita Baldé,Senegal,8-Mar-95,Arbúcies,Spain,,Senegal,Senegal,,,1,2018
Lamine Gassama,Senegal,20-Oct-89,Marseille,France,,Senegal,Senegal,,,1,2018
